key,file_id,alt,filename
bo-chai-3-lop,file-DwKiM3HTxTd2xdcxw2AZ9j,bo chai 3 lop,bo-chai-3-lop.jpg
bo-chai-dat-rieng-cho-khach-1,file-7vGXQqKt9mLokF7WPoFe5P,bo chai dat rieng cho khach 1,bo-chai-dat-rieng-cho-khach-1.png
bo-chai-dat-rieng-cho-khach,file-QD9F5Nq2Tc2RkcZGH6ZFMG,bo chai dat rieng cho khach,bo-chai-dat-rieng-cho-khach.png
bo-chai-pet-vang,file-HJwGeZK5eNzncnyt9aGZH8,bo chai pet vang,bo-chai-pet-vang.jpg
bo-pet-dong-co,file-WveCBmTsoVs7Ckdkfk2CsW,bo pet dong co,bo-pet-dong-co.png
bo-pet-tron-trang,file-6rFfPYsLf3nb8XVsxb8bex,bo pet tron trang,bo-pet-tron-trang.jpg
bo-pet-vuong,file-K94Q5Lmho3fNHYqSg2HPdy,bo pet vuong,bo-pet-vuong.png
can-05l-01,file-EAxr6PWfcEqXdFP58gVL7b,can 05l 01,can-05L-01.jpg
can-5000-0002,file-QpuUn3b5W6rGgWSP56jWdz,can 5000 0002,can-5000-0002.jpg
cha240-asmil,file-DcLBBMQsdwt9gemgvJFjB5,cha240 asmil,CHA240-ASMIL.jpg
cha240-help,file-2jFpdRGmMo5qXZY59Nib67,cha240 help,CHA240-HELP.jpg
cha240-teen,file-F4kuWysAwchuQReEJJqq7U,cha240 teen,CHA240-TEEN.jpg
cha480-12,file-HUyEgZvbcsrwHsquKaw9qc,cha480 12,CHA480-12.jpg
chai-100-0015,file-3uS2LgAknUMyH5rYjWPu1F,chai 100 0015,chai-100-0015.png
chai-100-04,file-HXA7gdUiAQCftNtWyEhMmG,chai 100 04,chai-100-04.jpg
chai-1000-0002,file-T2BnJeG9h6VQ9YpfSaHZPq,chai 1000 0002,chai-1000-0002.png
chai-1000-0005,file-DFKnXMf1uREMz9DspywGEW,chai 1000 0005,chai-1000-0005.png
chai-1000-0008,file-U7rrZKEPv6MWS1QiHfx18b,chai 1000 0008,chai-1000-0008.png
chai-1000-07,file-TJMtZkMJbgLYqWeWoXQZP6,chai 1000 07,chai-1000-07.jpg
chai-240-0002,file-9iaK6sFrJchf1tyMwMUZQV,chai 240 0002,chai-240-0002.png
chai-240-0007,file-VuxgJniXkCy9X3MUU3YQPn,chai 240 0007,chai-240-0007.png
chai-240-0009,file-3CgWPA6naMQEh3DodKx5oe,chai 240 0009,chai-240-0009.png
chai-240-09,file-Fphy9GVfyJVTYZ14iKt6Ab,chai 240 09,chai-240-09.png
chai-240-basaga,file-WzgTgzJToNProCvxYMepAs,chai 240 basaga,chai-240-basaga.jpg
chai-240-basaga--6fc629,file-47ZvvnYH7TUNzpAqD7D4fh,chai 240 basaga,chai-240-basaga.png
chai-240-basp,file-5NoLM1CUZFFDbg5xTybtaH,chai 240 basp,chai-240-basp.png
chai-240-baye,file-KmTzwNfCRD2BjAn4V8n939,chai 240 baye,chai-240-baye.png
chai-3-lop,file-U3ake2VwZjBYQvgAFpVpZs,chai 3 lop,chai-3-lop.jpg
chai-30-02,file-XdP1tqDj61kJEUB8EPt9Vg,chai 30 02,chai-30-02.jpg
chai-480-0002,file-T3aHhnQqSh68SskVkjBm8U,chai 480 0002,chai-480-0002.png
chai-480-0005,file-549SWE98yL11aasJG4zgA7,chai 480 0005,chai-480-0005.png
chai-480-0006,file-83eyshfixT4ipe1zE4xGdw,chai 480 0006,chai-480-0006.png
chai-480-08,file-H1Pg7M3rVKeyEDruxes1gh,chai 480 08,chai-480-08.jpg
chai-480-09,file-LD3G7BP7YP964ztcvD4f5a,chai 480 09,chai-480-09.jpg
chai-480-basp,file-K9NXLaDTwRvXhbMoxB2xD8,chai 480 basp,chai-480-basp.png
chai-480-baye,file-6fy6xPuFKMydFenQv8mQFH,chai 480 baye,chai-480-baye.png
chai-asmil,file-QEQuToHTNyUmie5QHUQBX3,chai asmil,chai-asmil.jpg
chai-basp-1lit-115gr,file-MnSPt1rs9F4hyUmxkbSCMR,chai basp 1lit 115gr,chai-BASP-1LIT-115gr.png
chai-baye-1lit-115gr,file-4PGUEHV9zj3u5rcGyPg88D,chai baye 1lit 115gr,chai-BAYE-1LIT-115gr.png
chai-cha240-asmil,file-4XHCse9ftC69spWx5CbKMh,chai cha240 asmil,chai-CHA240-ASMIL.jpg
chai-cha240-teen,file-Gkbk34H22GgbB6U7qg9JzS,chai cha240 teen,chai-CHA240-TEEN.jpg
chai-hd-1000-06,file-7dhAiLE5tDzfWhCWYF2ncp,chai hd 1000 06,chai-hd-1000-06.jpg
chai-hd-1000-07-nap-logo-bmc,file-BqtTg3ZRTjkB2bMbbJJj8U,chai hd 1000 07 nap logo bmc,chai-hd-1000-07-nap-logo-bmc.jpg
chai-hd-1000-18,file-MdE7HdY6tUA1uZnkE1jUD8,chai hd 1000 18,chai-hd-1000-18.jpg
chai-hd-1000-18--6ac36a,file-T4MJXrYE3fsn3rxXoP3mM2,chai hd 1000 18,chai-hd-1000-18.png
chai-hd-240-08,file-M8wszhcegFFk7SARavKLbh,chai hd 240 08,chai-hd-240-08.jpg
chai-hd-480-03,file-XqwB8XRGjLsNrCeXUaNjQw,chai hd 480 03,chai-hd-480-03.jpg
chai-hd-zeroanvil,file-APtog6C8749Q1W9Zjigiek,chai hd zeroanvil,chai-hd-zeroanvil.jpg
chai-hdpe,file-BX4gTEMFX6WAvP98jv3i8k,chai hdpe,chai-hdpe.jpg
chai-nhom-bac-480-11,file-PE4NdGyYARqoSq7kxArYup,chai nhom bac 480 11,chai-nhom-bac-480-11.png
chai-nhom,file-PQL9wVuPSWMb9zeiJMGCRz,chai nhom,chai-nhom.jpg
chai-pet-dong-co-1000-04,file-1iRNQRNm5hntyfJ3VaSGVF,chai pet dong co 1000 04,chai-pet-dong-co-1000-04.jpg
chai-pet-dong-co-1000-15,file-EhBv8XpJydj435d1sRZ4wK,chai pet dong co 1000 15,chai-pet-dong-co-1000-15.jpg
chai-pet-dong-co-1000-20,file-UY5iCqBDxMfpKkTzLUNKbt,chai pet dong co 1000 20,chai-pet-dong-co-1000-20.jpg
chai-pet-dong-co-100480-01,file-R73un1nYq3LYbWZguqV27L,chai pet dong co 100480 01,chai-pet-dong-co-100480-01.jpg
chai-pet-tron-trang-100-03,file-BbzZKUMfSauRvBQvHeRGJb,chai pet tron trang 100 03,chai-pet-tron-trang-100-03.jpg
chai-pet-tron-trang-1000-03,file-JYbwDH1X3sY9PBaQWjjUzk,chai pet tron trang 1000 03,chai-pet-tron-trang-1000-03.jpg
chai-pet-tron-trang-240-04,file-Dd7219jL1t2Gppt4KepcQR,chai pet tron trang 240 04,chai-pet-tron-trang-240-04.jpg
chai-pet-tron-trang-480-01,file-EwT47vphq81qmRbwmxJWQU,chai pet tron trang 480 01,chai-pet-tron-trang-480-01.jpg
chai-pet-tron-trang-480-09,file-TiZv6oDYgBpdEa12oRGEgV,chai pet tron trang 480 09,chai-pet-tron-trang-480-09.jpg
chai-pet-tron-trang-480-10,file-D4TqUBJAHKCXznRGdfyog4,chai pet tron trang 480 10,chai-pet-tron-trang-480-10.jpg
chai-pet-tron-trang-480-12,file-QHJi25VciSZw692EVCHov4,chai pet tron trang 480 12,chai-pet-tron-trang-480-12.jpg
chai-pet-vang-100-14,file-7F8VFgUFrat3Qc8KEBNsnv,chai pet vang 100 14,chai-pet-vang-100-14.jpg
chai-pet-vang-1000-09,file-VEYeVKyzQ9Nott5ba7BcbV,chai pet vang 1000 09,chai-pet-vang-1000-09.jpg
chai-pet-vang-240-help,file-J2z5pyaEDyHn7sUZnKXegZ,chai pet vang 240 help,chai-pet-vang-240-HELP.jpg
chai-pet-vang-3-lop-240-06,file-RhihnbGjszBVUNWQbjnQ9y,chai pet vang 3 lop 240 06,chai-pet-vang-3-lop-240-06.jpg
chai-pet-vang-480-04,file-5Hy76Dvv8MQZ95RiKFZQRw,chai pet vang 480 04,chai-pet-vang-480-04.jpg
chai-pet-vuong-100-13,file-4sModA3K1c9fsPmNF7KKT6,chai pet vuong 100 13,chai-pet-vuong-100-13.png
chai-pet-vuong-100-18,file-1pK7rehGAEyrer1WC9gQWb,chai pet vuong 100 18,chai-pet-vuong-100-18.png
chai-pet-vuong-1000-02,file-6jEsBujQ693KxwunJTj11e,chai pet vuong 1000 02,chai-pet-vuong-1000-02.png
chai-pet-vuong-240-05,file-WJTbKKsWkr7qBAjZoMk9zc,chai pet vuong 240 05,chai-pet-vuong-240-05.png
chai-pet-vuong-450-02,file-97kP6spAWCkNTcRPi9qt1D,chai pet vuong 450 02,chai-pet-vuong-450-02.png
chai-pet-vuong-450-04,file-2LBYYRvbry8EPrGjfMcvoo,chai pet vuong 450 04,chai-pet-vuong-450-04.png
chai-pet-vuong-450-05,file-V7Vds9rZwc3RZfnRWBzzBw,chai pet vuong 450 05,chai-pet-vuong-450-05.png
chai-pet-vuong-450-06,file-9uzsFXD2RwM4TA8fEMdFMY,chai pet vuong 450 06,chai-pet-vuong-450-06.png
chai-pet-vuong-450-08,file-AzMuDgrQBxggU92ZZWzx6j,chai pet vuong 450 08,chai-pet-vuong-450-08.png
chai-pet-vuong-450-09,file-Gou4mDuvHT5hKFuAQzs9XA,chai pet vuong 450 09,chai-pet-vuong-450-09.png
chai-pet,file-2Y8Nv9aVxbCVBUPgeKPoTR,chai pet,chai-pet.jpg
chai-teen,file-Y4FXyPemWsDSVCAek4YpsT,chai teen,chai-teen.jpg
chuyen-doi-chai-30-01,file-MifthKHnhUyP9nMGDhHVoM,chuyen doi chai 30 01,chuyen-doi-chai-30-01.png
chuyen-doi-nap-seal-co-logo-bmc,file-RF687QmodGpuppaBxdpk4L,chuyen doi nap seal co logo bmc,chuyen-doi-nap-seal-co-logo-bmc.png
day-logo-1000-07-hd,file-ReEVKUfUH3xqQdgiK9ihq5,day logo 1000 07 hd,day-logo-1000-07-hd.png
g8-thanh-sau,file-3PFhAvCEtauunm2RfenjoY,g8 thanh sau,G8-thanh-sau.png
mot-so-ma-chai-le-khac,file-J34RQGnK284fcJvQ87z8bd,mot so ma chai le khac,mot-so-ma-chai-le-khac.png
nap-do-logo-bmc,file-Pd12R7rCofGfSQs3cFrPzg,nap do logo bmc,nap-do-logo-bmc.png
nap-logo-1000-07-hd,file-13x9kmdYivpCrgVQ1nBwdP,nap logo 1000 07 hd,nap-logo-1000-07-hd.png
nap-logo-1000-18,file-XcbbD6AjGp51ZtiASJe4fj,nap logo 1000 18,nap-logo-1000-18.png
nap-logo-chai-pet-dong-co,file-RvpUikk7e6gkKn3Zosmv92,nap logo chai pet dong co,nap-logo-chai-pet-dong-co.png
nap-logo-chai-pet-vuong,file-QJZaYZ9W3s3yQuk5o45X21,nap logo chai pet vuong,nap-logo-chai-pet-vuong.png
nap-xanh-logo-bmc,file-4BWPxsLN9mLizfQjgbupih,nap xanh logo bmc,nap-xanh-logo-bmc.png
nhan-mang-tui-azin-rio,file-3C5twxEx6g7G8nmzTx5SWm,nhan mang tui azin rio,nhan-mang-tui-azin-rio.png
nhan-mang-tui-gussi-bastar,file-JfZhKKCvkSe1SvS5yko7cU,nhan mang tui gussi bastar,nhan-mang-tui-gussi-bastar.png
nhan-mang-tui-kenbast,file-GxUbDMCMhf9nJKRfviACUM,nhan mang tui kenbast,nhan-mang-tui-kenbast.png
nhan-thu1000-zeroanvil,file-UQrLdStdKziynkNdzGXZ4P,nhan thu1000 zeroanvil,nhan-THU1000-ZEROANVIL.png
nhan-thu240-asmil,file-MRCXudCTsi38ogjRZ1noG3,nhan thu240 asmil,nhan-THU240-ASMIL.jpg
nhan-thu240-teen,file-VAxA9HToSJ4ELd7CjXXT11,nhan thu240 teen,nhan-THU240-TEEN.jpg
seal-hd-seal-pet,file-J8GsTQR1EqyStRdBFyHRnP,seal hd seal pet,seal-hd-seal-pet.png
seal-logo-1000-07,file-6Uch6SKK2785BcwY4tmJAj,seal logo 1000 07,seal-logo-1000-07.png
seal-logo-1000-18,file-47PmNg9U3D8R2E97yFPsMG,seal logo 1000 18,seal-logo-1000-18.png
seal-logo-bmc,file-XoiFyndUCrnakrZZVcKs3z,seal logo bmc,seal-logo-bmc.png
seal-logo-chai-pet-dong-co,file-71Tn3teHrLAcr4RoWXXze4,seal logo chai pet dong co,seal-logo-chai-pet-dong-co.png
seal-logo-chai-pet-vuong,file-E9wY7hCr7d9pgeoEWFJfyS,seal logo chai pet vuong,seal-logo-chai-pet-vuong.png
tem-chong-gia-bmc,file-MHLj9KnTr3xNp5q8LrvqgT,tem chong gia bmc,tem-chong-gia-BMC.png
tem-chong-gia-delta,file-5oh4smQu6AhgMKzfwqGeMM,tem chong gia delta,tem-chong-gia-delta.png
thay-doi-tren-nhan-chai,file-XQRur1wRUyf98DzLai3Qu2,thay doi tren nhan chai,thay-doi-tren-nhan-chai.png
thay-doi-tren-thung-1,file-UoLJMgFaqvHT531QYqHd6D,thay doi tren thung 1,thay-doi-tren-thung-1.png
thay-doi-tren-thung-2,file-H5Qv4b8o1sMw9tctAFkLiF,thay doi tren thung 2,thay-doi-tren-thung-2.png
thay-doi-tren-thung-3,file-5MLczdNuHYmrDuaKchwVwx,thay doi tren thung 3,thay-doi-tren-thung-3.png
thung-gussi-nhan-do-900ml-delta,file-DfDjjRyGW5q8uesGFzYahm,thung gussi nhan do 900ml delta,thung-gussi-nhan-do-900ml-delta.jpg
thung-phuong-hoang-lua-900ml-delta,file-XCNZHRztmiEzH9jJsWshjQ,thung phuong hoang lua 900ml delta,thung-phuong-hoang-lua-900ml-delta.jpg
thung-q10-4-5l-delta,file-11Gy31xg1zCanWJgZuBNHn,thung q10 4 5l delta,thung-q10-4.5L-delta.jpg
thung-q10-900ml-delta,file-1pKiCPuQSxipdXHiwDBxkF,thung q10 900ml delta,thung-q10-900ml-delta.jpg
thung-q7-4-5l-bmc,file-AB2148tsq7yQUbTXUnZoqF,thung q7 4 5l bmc,thung-q7-4.5L-BMC.jpg
thung-q7-4-5l-phuc-thinh,file-Ez7QTCDtSjKNC1YKoMrXzE,thung q7 4 5l phuc thinh,thung-q7-4.5L-phuc-thinh.jpg
thung-q7-900ml-bmc,file-XV3eAHRb531hre3rm7Zkpe,thung q7 900ml bmc,thung-q7-900ml-bmc.jpg
thung-q7-900ml-phuc-thinh,file-6WYnC9LfX3EpqH5GRUYsYP,thung q7 900ml phuc thinh,thung-q7-900ml-phuc-thinh.jpg
thung-trau-rung-moi-4-5l-delta,file-NKexK4Yq6kLwQtHWdGzGGa,thung trau rung moi 4 5l delta,thung-trau-rung-moi-4.5L-delta.jpg
thung-trau-rung-moi-900ml-delta,file-NFBbhjyr5L1vNQ7UDY3hyh,thung trau rung moi 900ml delta,thung-trau-rung-moi-900ml-delta.jpg
thung-voi-rung-900ml-agrishop,file-DWUz6947fRWtRhQmgRqxYk,thung voi rung 900ml agrishop,thung-voi-rung-900ml-agrishop.jpg
vd-chai-480-04,file-2ayhqWnzBLLuQmy9uu2zyB,vd chai 480 04,vd-chai-480-04.jpg
vd-chai-480-09,file-KH7mkAkPH2voWoqT8Trxvm,vd chai 480 09,vd-chai-480-09.jpg
vi-tri-dan-tem-chong-gia,file-NJ62Ydqwv4symusrtJU5h5,vi tri dan tem chong gia,vi-tri-dan-tem-chong-gia.png
