id,question,answer,category,tags,alt_questions
qu_tr_nh_sinh_tr_n_chunk_01,"Quá trình sinh trưởng và phát triển của cây lúa bao gồm những giai đoạn chính nào?","Quá trình sinh trưởng và phát triển của cây lúa bao gồm các giai đoạn chính như nảy mầm, đẻ nhánh, làm đòng, trỗ bông và chín. Mỗi giai đoạn đều có vai trò quan trọng trong việc hình thành năng suất và chất lượng của cây lúa.","sinh_truong_lua","qua_trinh_sinh_truong|phat_trien|cay_lua|giai_doan|nong_nghiep","Quá trình phát triển của cây lúa gồm những bước nào|Các giai đoạn sinh trưởng của cây lúa là gì|Mô tả quá trình sinh trưởng của cây lúa"
qu_tr_nh_sinh_tr_n_chunk_02,"Sâu bệnh hại ảnh hưởng như thế nào đến quá trình sinh trưởng của cây lúa?","Sâu bệnh hại gây tổn thương trực tiếp lên cây lúa như làm hại lá, thân, rễ, ảnh hưởng đến khả năng quang hợp và hấp thụ dinh dưỡng, từ đó làm giảm năng suất và chất lượng lúa. Nếu không được phòng trừ kịp thời, sâu bệnh có thể gây thiệt hại nghiêm trọng cho vụ mùa.","sinh_truong_lua","sau_benh_hai|anh_huong|cay_lua|nang_suat|phong_tru","Sâu bệnh hại tác động thế nào đến cây lúa|Ảnh hưởng của sâu bệnh trên cây lúa là gì|Sâu bệnh gây hại cây lúa ra sao"
qu_tr_nh_sinh_tr_n_qa_01,"Quá trình sinh trưởng của cây lúa gồm những giai đoạn nào?","Quá trình sinh trưởng của cây lúa gồm các giai đoạn chính: nảy mầm, đẻ nhánh, làm đòng, trỗ bông và chín, mỗi giai đoạn đóng vai trò quan trọng trong sự phát triển và năng suất của cây lúa.","sinh_truong_lua","qua_trinh_sinh_truong|cay_lua|giai_doan|nong_nghiep","Các giai đoạn phát triển của cây lúa là gì|Cây lúa phát triển qua những bước nào|Mô tả các giai đoạn sinh trưởng của cây lúa"
qu_tr_nh_sinh_tr_n_qa_02,"Tại sao cần quan tâm đến sâu bệnh hại trong quá trình phát triển của cây lúa?","Sâu bệnh hại ảnh hưởng tiêu cực đến sự phát triển của cây lúa bằng cách làm giảm khả năng quang hợp và hấp thụ dinh dưỡng, gây thiệt hại năng suất và chất lượng lúa, do đó cần được kiểm soát và phòng trừ hiệu quả.","sinh_truong_lua","sau_benh_hai|phong_tru|anh_huong|cay_lua|nang_suat","Tại sao phải phòng trừ sâu bệnh hại trên cây lúa|Lý do cần kiểm soát sâu bệnh trên cây lúa|Tầm quan trọng của việc phòng trừ sâu bệnh hại cây lúa"
qu_tr_nh_sinh_tr_n_qa_03,"Các biện pháp phòng trừ sâu bệnh hại trên cây lúa là gì?","Các biện pháp phòng trừ sâu bệnh hại trên cây lúa bao gồm sử dụng giống kháng bệnh, áp dụng kỹ thuật canh tác hợp lý, sử dụng thuốc bảo vệ thực vật đúng cách và theo dõi thường xuyên để phát hiện sớm sâu bệnh.","sinh_truong_lua","phong_tru|sau_benh_hai|ky_thuat_canh_tac|thuoc_bao_ve_thuc_vat|cay_lua","Làm thế nào để phòng trừ sâu bệnh hại cây lúa|Các cách phòng chống sâu bệnh trên cây lúa|Phương pháp kiểm soát sâu bệnh hại cây lúa"
t_ng_quan_vai_tr_chunk_01,"Vai trò và tầm quan trọng của cây lúa là gì?","Cây lúa đóng vai trò quan trọng trong đời sống và kinh tế, là nguồn lương thực chính cung cấp năng lượng cho con người, đồng thời góp phần phát triển nông nghiệp và đảm bảo an ninh lương thực quốc gia.","nong_nghiep","cay_lua|vai_tro|tam_quan_trong|luong_thuc|nong_nghiep","Cây lúa có vai trò như thế nào trong đời sống? | Tại sao cây lúa lại quan trọng? | Vai trò của cây lúa trong nền kinh tế là gì?"
t_ng_quan_vai_tr_chunk_02,"Các giai đoạn sinh trưởng của cây lúa bao gồm những gì?","Cây lúa trải qua nhiều giai đoạn sinh trưởng chính gồm: gieo mạ, đẻ nhánh, làm đòng, trỗ bông và chín. Mỗi giai đoạn có đặc điểm sinh lý riêng và ảnh hưởng đến năng suất cuối cùng.","nong_nghiep","cay_lua|giai_doan_sinh_truong|phat_trien|nong_nghiep|san_luong","Các giai đoạn phát triển của cây lúa là gì? | Cây lúa sinh trưởng qua những giai đoạn nào? | Mô tả các giai đoạn sinh trưởng của cây lúa."
t_ng_quan_vai_tr_chunk_03,"Sâu bệnh gây hại cây lúa và cách phòng trừ như thế nào?","Cây lúa thường bị sâu bệnh như sâu cuốn lá, rầy nâu, bệnh đạo ôn, bệnh bạc lá gây hại. Phòng trừ bao gồm biện pháp canh tác hợp lý, sử dụng thuốc bảo vệ thực vật đúng cách và áp dụng kỹ thuật sinh học để giảm thiểu tổn thất.","nong_nghiep","cay_lua|sau_benh|phong_tru|thuoc_bvtt|nong_nghiep","Những loại sâu bệnh nào gây hại cho cây lúa? | Cách phòng trừ sâu bệnh trên cây lúa là gì? | Làm thế nào để bảo vệ cây lúa khỏi sâu bệnh?"
t_ng_quan_vai_tr_qa_01,"Ngành thuốc bảo vệ thực vật có ý nghĩa gì trong sản xuất lúa?","Ngành thuốc bảo vệ thực vật (BVTV) giúp kiểm soát sâu bệnh, bảo vệ cây trồng, nâng cao năng suất và chất lượng lúa, đồng thời góp phần phát triển nông nghiệp bền vững và bảo vệ môi trường.","nong_nghiep","thuoc_bvtt|y_nghia|bao_ve_thuc_vat|nong_nghiep|san_xuat_lua","Tại sao ngành thuốc BVTV lại quan trọng trong trồng lúa? | Ý nghĩa của thuốc bảo vệ thực vật trong nông nghiệp là gì? | Thuốc BVTV có vai trò gì trong sản xuất lúa?"
vai_tr_v_t_m_quan_chunk_01,"Vai trò chính của cây lúa trong nền kinh tế Việt Nam là gì?","Cây lúa là cây lương thực chính ở Việt Nam, là ngành sản xuất truyền thống quan trọng, tạo kế sinh nhai cho hàng chục triệu nông dân. Việt Nam cũng là một trong những nước xuất khẩu gạo hàng đầu thế giới, mang lại nguồn thu ngoại tệ lớn góp phần làm giàu cho đất nước.","kinh_te","cay_lua|luong_thuc|kinh_te|xuat_khau|nong_dan","Vai trò kinh tế của cây lúa ở Việt Nam là gì?|Cây lúa đóng góp thế nào vào kinh tế Việt Nam?|Tại sao cây lúa quan trọng với nền kinh tế Việt Nam?"
vai_tr_v_t_m_quan_chunk_02,"Ý nghĩa văn hóa của cây lúa đối với người Việt Nam như thế nào?","Cây lúa gắn liền với nền văn minh lúa nước lâu đời, thể hiện sự cần cù, đoàn kết của người Việt. Hình ảnh cây lúa và cánh đồng lúa đi vào thơ ca, âm nhạc, hội họa, biểu tượng cho sự ấm no, hạnh phúc của người dân. Ngoài ra, cây lúa còn tạo nên nền văn hóa ẩm thực đa dạng, gắn kết cộng đồng trong các dịp lễ, Tết cổ truyền.","van_hoa","cay_lua|van_hoa|lua_nuoc|am_thuc|tet|doan_ket","Cây lúa có vai trò gì trong văn hóa Việt Nam?|Ý nghĩa văn hóa của cây lúa là gì?|Cây lúa ảnh hưởng thế nào đến đời sống tinh thần người Việt?"
vai_tr_v_t_m_quan_chunk_03,"Cây lúa góp phần bảo vệ môi trường như thế nào?","Cây lúa giúp giữ nước, chống xói mòn đất, điều hòa khí hậu và tạo môi trường sống cho nhiều sinh vật, góp phần bảo vệ và duy trì hệ sinh thái tự nhiên.","moi_truong","cay_lua|moi_truong|giu_nuoc|chong_xoi_mon|dieu_hoa_khi_hau|sinh_vat","Cây lúa có tác động gì đến môi trường?|Vai trò của cây lúa trong bảo vệ môi trường là gì?|Cây lúa giúp gì cho hệ sinh thái tự nhiên?"
vai_tr_v_t_m_quan_qa_01,"Cây lúa có vai trò gì trong đời sống kinh tế của nông dân Việt Nam?","Cây lúa là nguồn thu nhập chính, tạo kế sinh nhai cho hàng chục triệu nông dân Việt Nam, giúp họ ổn định cuộc sống và phát triển kinh tế.","kinh_te","cay_lua|nong_dan|kinh_te|luong_thuc|thu_nhap","Cây lúa ảnh hưởng thế nào đến đời sống nông dân?|Vai trò của cây lúa với nông dân Việt Nam là gì?|Cây lúa giúp nông dân Việt Nam ra sao?"
vai_tr_v_t_m_quan_qa_02,"Tại sao Việt Nam được xem là một trong những nước xuất khẩu gạo hàng đầu thế giới?","Việt Nam có ngành sản xuất lúa gạo truyền thống và quy mô lớn, sản lượng cao, giúp nước ta trở thành một trong những quốc gia xuất khẩu gạo hàng đầu thế giới, mang lại nguồn thu ngoại tệ lớn.","kinh_te","xuat_khau|gao|cay_lua|san_luong|ngoai_te","Việt Nam xuất khẩu gạo như thế nào trên thế giới?|Lý do Việt Nam là nước xuất khẩu gạo lớn là gì?|Tại sao gạo Việt Nam được xuất khẩu nhiều?"
vai_tr_v_t_m_quan_qa_03,"Hình ảnh cây lúa được thể hiện như thế nào trong văn hóa Việt Nam?","Hình ảnh cây lúa và cánh đồng lúa xuất hiện trong thơ ca, âm nhạc, hội họa, biểu tượng cho sự ấm no, hạnh phúc và là phần không thể thiếu trong đời sống tinh thần của người dân Việt Nam.","van_hoa","cay_lua|van_hoa|thoa_ca|am_nhac|hoi_hoa|lua_nuoc","Cây lúa xuất hiện ra sao trong văn hóa Việt Nam?|Ý nghĩa hình ảnh cây lúa trong nghệ thuật Việt Nam là gì?|Cây lúa được thể hiện thế nào trong thơ ca và âm nhạc?"
vai_tr_v_t_m_quan_qa_04,"Cây lúa góp phần như thế nào vào việc bảo vệ môi trường?","Cây lúa giúp giữ nước, chống xói mòn đất, điều hòa khí hậu và tạo môi trường sống cho nhiều sinh vật, góp phần duy trì cân bằng sinh thái và bảo vệ môi trường tự nhiên.","moi_truong","cay_lua|moi_truong|giu_nuoc|chong_xoi_mon|dieu_hoa_khi_hau|sinh_vat","Cây lúa giúp bảo vệ môi trường ra sao?|Tác động của cây lúa đến môi trường là gì?|Vai trò của cây lúa trong hệ sinh thái như thế nào?"
q_a_tr_nh_sinh_tr_n_chunk_01,"Quá trình sinh trưởng và phát triển của cây lúa gồm những giai đoạn nào?","Quá trình sinh trưởng và phát triển của cây lúa được chia thành 5 giai đoạn chính: 1. Giai đoạn trước sạ; 2. Giai đoạn sau sạ (từ 0 đến 15 ngày); 3. Giai đoạn sinh trưởng, đẻ nhánh (từ 15 đến 40 ngày); 4. Giai đoạn làm đòng, trổ bông (từ 41 đến 90 ngày); 5. Giai đoạn lúa chín đến thu hoạch.","sinh_truong_lua","qua_trinh_sinh_truong|cay_lua|giai_doan_phat_trien|nong_nghiep|lua","quy_trinh_phat_trien_cay_lua|cac_giai_doan_cay_lua|cay_lua_phat_trien_nhu_the_nao"
q_a_tr_nh_sinh_tr_n_qa_01,"Giai đoạn sau sạ của cây lúa kéo dài trong bao lâu?","Giai đoạn sau sạ của cây lúa kéo dài từ 0 đến 15 ngày sau khi gieo hạt, là thời kỳ cây bắt đầu phát triển sau khi được sạ.","sinh_truong_lua","giai_doan_sau_sa|lua|phat_trien_cay_lua|nong_nghiep","thoi_gian_giai_doan_sau_sa|giai_doan_sau_sa_keo_dai_bao_lau|lua_sau_sa_phat_trien_nhu_the_nao"
q_a_tr_nh_sinh_tr_n_qa_02,"Giai đoạn làm đòng và trổ bông của cây lúa diễn ra trong khoảng thời gian nào?","Giai đoạn làm đòng và trổ bông của cây lúa diễn ra từ ngày thứ 41 đến ngày thứ 90 kể từ khi sạ, đây là giai đoạn cây chuẩn bị cho quá trình tạo hạt và thu hoạch.","sinh_truong_lua","giai_doan_lam_dong|tro_bong|lua|phat_trien_cay_lua|nong_nghiep","khoang_thoi_gian_lam_dong|lua_lam_dong_va_tro_bong_khi_nao|giai_doan_lam_dong_cua_cay_lua"
q_a_tr_nh_sinh_tr_n_qa_03,"Giai đoạn sinh trưởng và đẻ nhánh của cây lúa bắt đầu và kết thúc khi nào?","Giai đoạn sinh trưởng và đẻ nhánh của cây lúa bắt đầu từ ngày thứ 15 và kết thúc vào ngày thứ 40 sau khi sạ, trong giai đoạn này cây phát triển thân và tạo nhánh để tăng năng suất.","sinh_truong_lua","giai_doan_de_nhan|sinh_truong|lua|nong_nghiep|phat_trien_cay_lua","lua_de_nhan_khi_nao|giai_doan_sinh_truong_va_de_nhan|lua_sinh_truong_tu_ngay_may_den_ngay_may"
1_giai_o_n_tr_c_s_chunk_01,Xử lý cỏ dại và ốc trong giai đoạn trước sạ cần thực hiện như thế nào?,Trong giai đoạn trước sạ, việc xử lý cỏ dại nên thực hiện từ 15-30 ngày trước khi sạ để đảm bảo ruộng sạch sẽ. Còn việc xử lý ốc nên tiến hành từ 1-2 ngày trước sạ để hiệu quả diệt ốc cao nhất.,giai_doan_truoc_sa,xu_ly_co_dai|xu_ly_oc|truoc_sa|nong_nghiep|thuoc_bao_ve_thuc_vat,Xử lý cỏ dại và ốc trong giai đoạn trước sạ cần làm gì?|Giai đoạn trước sạ xử lý cỏ dại và ốc như thế nào?|Cách xử lý cỏ dại và ốc trước khi sạ là gì?
1_giai_o_n_tr_c_s_chunk_02,Thuốc và liều lượng dùng để trừ ốc trên 1 mẫu ruộng là gì?,Để trừ ốc trên 1 mẫu ruộng, thường dùng 4 chai Aba 3.6 đục 450ml kết hợp với 10 gói Oosaka 100g (xịt). Ngoài ra, có thể sử dụng các thuốc như Faptac, Somethrin, Biperin, Bpalatox với liều lượng 100ml pha trong 25L nước để phòng trừ cua không đục bờ và ăn lúa.,giai_doan_truoc_sa,thuoc_tru_oc|liều_luong_thuoc|nong_nghiep|bao_ve_thuc_vat|thuoc_bao_ve,Xuất thuốc và liều lượng dùng để trừ ốc trên ruộng là gì?|Thuốc nào và liều lượng bao nhiêu để trừ ốc trên 1 mẫu ruộng?|Cách sử dụng thuốc trừ ốc trên ruộng như thế nào?
1_giai_o_n_tr_c_s_qa_01,Thời gian xử lý cỏ dại trước khi sạ là bao lâu?,Thời gian xử lý cỏ dại nên thực hiện từ 15 đến 30 ngày trước khi sạ để đảm bảo hiệu quả diệt cỏ và chuẩn bị đất tốt cho cây lúa phát triển.,giai_doan_truoc_sa,xu_ly_co_dai|thoi_gian_xu_ly|truoc_sa|nong_nghiep|thuoc_bao_ve_thuc_vat,Thời gian xử lý cỏ dại trước khi sạ là bao nhiêu ngày?|Khi nào nên xử lý cỏ dại trước sạ?|Xử lý cỏ dại trước sạ cần thực hiện trong khoảng thời gian nào?
1_giai_o_n_tr_c_s_qa_02,Thời gian xử lý ốc trước khi sạ là bao nhiêu ngày?,Việc xử lý ốc nên được tiến hành từ 1 đến 2 ngày trước khi sạ để đảm bảo hiệu quả diệt ốc cao và bảo vệ cây lúa mới trồng.,giai_doan_truoc_sa,xu_ly_oc|thoi_gian_xu_ly|truoc_sa|nong_nghiep|thuoc_bao_ve_thuc_vat,Thời gian xử lý ốc trước khi sạ là bao nhiêu ngày?|Khi nào nên xử lý ốc trước sạ?|Xử lý ốc trước sạ cần thực hiện trong khoảng thời gian nào?
1_giai_o_n_tr_c_s_qa_03,Những loại thuốc nào được dùng để phòng trừ cua không đục bờ và ăn lúa?,Các loại thuốc dùng để phòng trừ cua không đục bờ và ăn lúa bao gồm Faptac, Somethrin, Biperin và Bpalatox. Liều lượng sử dụng là 100ml thuốc pha trong 25L nước.,giai_doan_truoc_sa,thuoc_phong_tru_cua|thuoc_bao_ve_thuc_vat|nong_nghiep|bao_ve_thuc_vat,Thuốc nào dùng để phòng trừ cua không đục bờ và ăn lúa?|Các loại thuốc phòng trừ cua không đục bờ và ăn lúa là gì?|Cách phòng trừ cua không đục bờ và ăn lúa bằng thuốc nào?
2_giai_o_n_sau_s_chunk_01,Giai đoạn sau sạ trong trồng lúa kéo dài bao lâu và có đặc điểm gì chính?,Giai đoạn sau sạ kéo dài từ 0 đến 15 ngày tính từ khi gieo hạt xuống ruộng đến khi cây lúa có khoảng 3–4 lá thật. Đây là giai đoạn mạ non, đặt nền móng cho sự sinh trưởng sau này với việc hình thành bộ rễ, thân lá ban đầu và khả năng đẻ nhánh về sau.,giai_doan_sau_sa,giai_doan_sau_sa|mạ_non|phat_trien_cay_lua|hinh_thanh_bo_re|de_nhanh,"Giai đoạn sau sạ là gì? | Giai đoạn sau sạ kéo dài trong bao lâu? | Đặc điểm chính của giai đoạn sau sạ là gì?"
2_giai_o_n_sau_s_qa_01,Trong giai đoạn 0-15 ngày sau sạ, cây lúa phát triển những bộ phận nào quan trọng?,Trong giai đoạn 0-15 ngày sau sạ, cây lúa phát triển bộ rễ, thân lá ban đầu và bắt đầu hình thành khả năng đẻ nhánh, đây là các bộ phận quan trọng để đảm bảo sự sinh trưởng và phát triển sau này của cây.,phat_trien_cay_lua,bo_re|than_la|de_nhanh|giai_doan_sau_sa|phat_trien,"Cây lúa phát triển những bộ phận nào trong giai đoạn sau sạ? | Những bộ phận quan trọng của cây lúa trong 15 ngày đầu sau sạ là gì? | Giai đoạn sau sạ cây lúa hình thành gì?"
2_giai_o_n_sau_s_qa_02,Việc sử dụng 2 chai rice up 450ml phun trong giai đoạn 8-15 ngày sau sạ có mục đích gì?,Việc sử dụng 2 chai rice up 450ml phun trong giai đoạn 8-15 ngày sau sạ nhằm hỗ trợ cây lúa phát triển khỏe mạnh trong giai đoạn mạ non, giúp tăng cường sự sinh trưởng của bộ rễ và thân lá, đồng thời thúc đẩy khả năng đẻ nhánh sau này.,phan_bon_ung_dung,rice_up|phun_thuoc|giai_doan_sau_sa|phat_trien_cay_lua|bo_re,"Tại sao cần phun 2 chai rice up 450ml trong giai đoạn 8-15 ngày? | Mục đích của việc phun rice up trong giai đoạn sau sạ là gì? | Công dụng của rice up 450ml trong giai đoạn mạ non?"
2_giai_o_n_sau_s_qa_03,Thời điểm phun thuốc xạ hoặc sau xạ trong giai đoạn sau sạ là khi nào?,Thời điểm phun thuốc xạ hoặc sau xạ trong giai đoạn sau sạ là từ 1 đến 2 ngày sau khi gieo hạt, nhằm bảo vệ cây mạ non và hỗ trợ sự phát triển ban đầu của cây lúa.,thoi_diem_phun_thuoc,xạ|sau_xạ|phun_thuoc|giai_doan_sau_sa|bao_ve_cay_lua,"Khi nào nên phun thuốc xạ hoặc sau xạ trong giai đoạn sau sạ? | Thời điểm phun thuốc bảo vệ cây lúa sau sạ là gì? | Phun thuốc xạ trong giai đoạn mạ non khi nào?"
3_giai_o_n_sinh_tr_chunk_01,"Giai đoạn sinh trưởng đẻ nhánh của cây lúa diễn ra trong khoảng thời gian nào?","Giai đoạn sinh trưởng đẻ nhánh của cây lúa diễn ra từ 15 đến 40 ngày sau khi gieo sạ, kéo dài khoảng 25 ngày tùy thuộc vào giống, thời vụ và điều kiện canh tác.","sinh_truong","giai_doan_sinh_truong|de_nhanh|lua|gieo_sa|phat_trien","Giai đoạn đẻ nhánh của lúa bắt đầu và kết thúc khi nào?|Thời gian diễn ra giai đoạn đẻ nhánh của cây lúa là bao lâu?|Khi nào cây lúa bước vào giai đoạn đẻ nhánh?"
3_giai_o_n_sinh_tr_chunk_02,"Những đặc điểm sinh trưởng chính của cây lúa trong giai đoạn đẻ nhánh là gì?","Trong giai đoạn đẻ nhánh (15-40 ngày sau gieo sạ), cây lúa đã ra được 4-5 lá thật, bộ rễ phát triển mạnh và bắt đầu hình thành các nhánh con (chồi) từ các nách lá, giúp cây phát triển sinh dưỡng mạnh mẽ.","sinh_truong","lua|de_nhanh|bo_re|nanh_la|phat_trien_sinh_duong","Cây lúa có những đặc điểm sinh trưởng nào trong giai đoạn đẻ nhánh?|Đặc điểm phát triển của cây lúa từ 15-40 ngày sau gieo sạ là gì?|Giai đoạn đẻ nhánh cây lúa có những biểu hiện sinh trưởng nào?"
3_giai_o_n_sinh_tr_chunk_03,"Biện pháp phòng trừ sâu bệnh và cỏ dại trong giai đoạn đẻ nhánh của cây lúa là gì?","Trong giai đoạn 15-40 ngày sau gieo sạ, bọ trĩ và muỗi hành gây hại mạnh cho cây lúa. Để phòng trừ cỏ chác lác trong giai đoạn 15-30 ngày, nên sử dụng 100-125ml thuốc bentazole. Đây là biện pháp hiệu quả giúp bảo vệ cây lúa trong giai đoạn sinh trưởng quan trọng này.","phong_tru_sau_benh","phong_tru|sau_benh|co_dai|bentazole|lua|de_nhanh","Làm thế nào để phòng trừ sâu bệnh và cỏ dại trong giai đoạn đẻ nhánh của lúa?|Biện pháp xử lý cỏ chác lác trong giai đoạn đẻ nhánh là gì?|Cách phòng trừ bọ trĩ và muỗi hành trong giai đoạn sinh trưởng đẻ nhánh của cây lúa?"
4_giai_o_n_l_m_n_chunk_01,"Giai đoạn làm đòng và trổ bông của lúa diễn ra trong khoảng thời gian nào?","Giai đoạn làm đòng của lúa diễn ra khoảng từ 35 đến 45 ngày sau khi sạ, còn giai đoạn trổ bông diễn ra từ 60 đến 85 ngày sau khi sạ.","giai_doan_lua","giai_doan_lua|lam_dong|tro_bong|thoi_gian|lua","Giai đoạn làm đòng của lúa kéo dài bao lâu? | Thời gian trổ bông của lúa là khi nào? | Khi nào lúa bước vào giai đoạn làm đòng và trổ bông?"
4_giai_o_n_l_m_n_chunk_02,"Những dấu hiệu nhận biết giai đoạn làm đòng của lúa là gì?","Trong giai đoạn làm đòng, lá lúa có màu vàng chanh, đứng thẳng, dày và cứng cáp, đồng thời chóp lá gần đỉnh xuất hiện hiện tượng 'thắt eo'.","giai_doan_lua","lam_dong|dau_hieu|la_lua|thuat_ngu|lua","Làm thế nào để nhận biết giai đoạn làm đòng của lúa? | Dấu hiệu đặc trưng của giai đoạn làm đòng là gì? | Lá lúa có đặc điểm gì trong giai đoạn làm đòng?"
4_giai_o_n_l_m_n_chunk_03,"Dấu hiệu nhận biết giai đoạn trổ bông của lúa gồm những gì?","Giai đoạn trổ bông được nhận biết qua các dấu hiệu như bụng lá phình to (lá cờ), xuất hiện sương đọng trên đầu lá đòng và đòng lúa bắt đầu lộ ra ngoài từ bẹ lá.","giai_doan_lua","tro_bong|dau_hieu|la_lua|dong_lua|lua","Làm sao để nhận biết lúa đang trổ bông? | Dấu hiệu đặc trưng của giai đoạn trổ bông là gì? | Các biểu hiện của lúa khi trổ bông?"
4_giai_o_n_l_m_n_qa_01,"Giai đoạn làm đòng của lúa còn được gọi là gì?","Giai đoạn làm đòng của lúa còn được gọi là tượng đòng.","giai_doan_lua","lam_dong|tuong_dong|lua|giai_doan","Giai đoạn làm đòng có tên gọi khác là gì? | Tượng đòng là giai đoạn nào của lúa? | Làm đòng còn gọi là gì?"
4_giai_o_n_l_m_n_qa_02,"Tại sao cần phòng trừ sâu hại và bệnh vào khoảng ngày thứ 45 sau sạ?","Vào khoảng ngày thứ 45 sau sạ, lúa bước vào giai đoạn chuẩn bị đón đòng nên cần phòng trừ sâu hại và bệnh như sâu cuốn lá, đục thân, đạo ôn, vàng lá, bạc lá để bảo vệ cây và đảm bảo năng suất.","giai_doan_lua","phong_tru|sau_hai|benh|lua|giai_doan","Tại sao phải phòng trừ sâu bệnh vào ngày 45 sau sạ? | Ngày 45 sau sạ có vai trò gì trong phòng trừ sâu bệnh? | Vì sao giai đoạn 45 ngày quan trọng trong chăm sóc lúa?"
4_giai_o_n_l_m_n_qa_03,"Các loại sâu bệnh cần phòng trừ trong giai đoạn 45 ngày sau sạ là gì?","Các loại sâu bệnh cần phòng trừ gồm sâu cuốn lá, sâu đục thân, bệnh đạo ôn, vàng lá và bạc lá.","giai_doan_lua","sau_hai|benh|phong_tru|lua|giai_doan","Những loại sâu bệnh nào cần được phòng trừ ở giai đoạn 45 ngày? | Các bệnh thường gặp trong giai đoạn 45 ngày là gì? | Sâu cuốn lá và đục thân có ảnh hưởng như thế nào đến lúa?"
5_giai_o_n_l_a_ch_n_chunk_01,"Giai đoạn lúa chín kéo dài bao lâu và gồm những thời kỳ nào?","Giai đoạn lúa chín kéo dài khoảng 30 ngày, bắt đầu từ khi lúa trổ bông đến khi thu hoạch. Giai đoạn này gồm 3 thời kỳ chính là chín sữa, chín sáp và chín hoàn toàn.","giai_doan_lua_chin","lua|giai_doan|chin|thu_hoach|thoi_ky|nong_nghiep","Giai đoạn lúa chín gồm những thời kỳ nào?|Lúa chín kéo dài trong bao lâu?|Các thời kỳ chính của giai đoạn lúa chín là gì?"
5_giai_o_n_l_a_ch_n_chunk_02,"Những tác nhân gây hại chính trong giai đoạn lúa chín là gì và ảnh hưởng như thế nào?","Trong giai đoạn lúa chín đến thu hoạch, rầy nâu và rầy lưng trắng là những tác nhân gây hại mạnh. Nếu không có biện pháp phòng trừ kịp thời, chúng sẽ ảnh hưởng xấu đến năng suất lúa.","giai_doan_lua_chin","ray_nau|ray_lung_trang|tac_nhan_gay_hai|nang_suat_lua|phong_tru|nong_nghiep","Tác nhân gây hại chính trong giai đoạn lúa chín là gì?|Rầy nâu và rầy lưng trắng ảnh hưởng thế nào đến lúa?|Làm sao để phòng trừ rầy nâu và rầy lưng trắng?"
5_giai_o_n_l_a_ch_n_chunk_03,"Các loại bệnh thường xuất hiện trong giai đoạn lúa chín là gì?","Giai đoạn lúa chín (khoảng 60-90 ngày sau sạ) xuất hiện nhiều loại bệnh gây hại mạnh trên lúa như đạo ôn, khô vằn, lem lép hạt và bạc lá.","giai_doan_lua_chin","benh_lua|dao_on|kho_van|lem_lep_hat|bac_la|giai_doan_chin","Những bệnh nào thường xuất hiện trong giai đoạn lúa chín?|Lúa chín dễ bị bệnh gì?|Các bệnh phổ biến ở giai đoạn lúa chín là gì?"
5_giai_o_n_l_a_ch_n_qa_01,"Giai đoạn lúa chín gồm những thời kỳ nào và kéo dài bao lâu?","Giai đoạn lúa chín kéo dài khoảng 30 ngày, gồm 3 thời kỳ chính là chín sữa, chín sáp và chín hoàn toàn, bắt đầu từ khi lúa trổ bông đến khi thu hoạch.","giai_doan_lua_chin","lua|giai_doan|chin|thoi_ky|nong_nghiep","Giai đoạn lúa chín có mấy thời kỳ?|Thời gian của giai đoạn lúa chín là bao lâu?|Các giai đoạn chính của lúa chín là gì?"
5_giai_o_n_l_a_ch_n_qa_02,"Tác nhân gây hại nào ảnh hưởng đến lúa trong giai đoạn chín và thu hoạch?","Rầy nâu và rầy lưng trắng là tác nhân gây hại mạnh trong giai đoạn lúa chín đến thu hoạch. Nếu không phòng trừ kịp thời, chúng sẽ làm giảm năng suất lúa.","giai_doan_lua_chin","ray_nau|ray_lung_trang|tac_nhan_gay_hai|nang_suat_lua|phong_tru","Rầy nâu và rầy lưng trắng có tác hại gì với lúa?|Làm thế nào để hạn chế rầy nâu và rầy lưng trắng?|Tác nhân gây hại chính trong giai đoạn lúa chín là gì?"
5_giai_o_n_l_a_ch_n_qa_03,"Những bệnh nào thường gây hại trên lúa trong giai đoạn chín?","Trong giai đoạn lúa chín (60-90 ngày sau sạ), các bệnh như đạo ôn, khô vằn, lem lép hạt và bạc lá thường xuất hiện và gây hại mạnh trên cây lúa.","giai_doan_lua_chin","benh_lua|dao_on|kho_van|lem_lep_hat|bac_la","Bệnh đạo ôn và khô vằn ảnh hưởng thế nào đến lúa?|Các bệnh phổ biến trong giai đoạn lúa chín là gì?|Làm sao nhận biết các bệnh trên lúa ở giai đoạn chín?"
t_ng_h_p_s_u_chunk_01,"Các chữ cái đặc biệt Ổ, Ợ, Ệ, Ạ được sử dụng trong ngôn ngữ nào và có vai trò gì?","Các chữ cái Ổ, Ợ, Ệ, Ạ là các nguyên âm có dấu trong bảng chữ cái tiếng Việt, dùng để biểu thị các âm thanh đặc trưng và giúp phân biệt nghĩa của từ trong tiếng Việt.","ngon_ngu","chu_cai_dac_biet|tieng_viet|nguyen_am|dau_cau","Chữ Ổ, Ợ, Ệ, Ạ thuộc ngôn ngữ nào?|Ý nghĩa của các chữ cái Ổ, Ợ, Ệ, Ạ trong tiếng Việt là gì?|Vai trò của các chữ cái có dấu trong tiếng Việt là gì?"
t_ng_h_p_s_u_qa_01,"Ý nghĩa của cụm từ 'CÂY LÚA- PHÒNG TR' trong đoạn văn là gì?","Cụm từ 'CÂY LÚA- PHÒNG TR' có thể là phần đầu của một tiêu đề hoặc chủ đề liên quan đến cây lúa và các biện pháp phòng trừ sâu bệnh hại trong nông nghiệp, tuy nhiên do đoạn văn bị cắt ngắn nên không thể xác định đầy đủ nội dung.","nong_nghiep","cay_lua|phong_tru|sau_benh|nong_nghiep","Cụm từ 'CÂY LÚA- PHÒNG TR' nói về vấn đề gì?|Nội dung chính của 'CÂY LÚA- PHÒNG TR' là gì?|'CÂY LÚA- PHÒNG TR' đề cập đến lĩnh vực nào?"
t_ng_h_p_s_u_qa_02,"Đoạn văn có chứa những từ viết tắt hoặc ký tự đặc biệt nào không?","Đoạn văn có chứa các ký tự đặc biệt và từ viết tắt như 'T NG H P SÂU B NH H I', có thể là lỗi OCR hoặc phần bị cắt xén, không rõ nghĩa cụ thể.","ky_tu_dac_biet","ky_tu_dac_biet|viet_tat|loi_ocr|doan_van_ngan","Đoạn văn có chứa ký tự đặc biệt nào?|Có từ viết tắt nào trong đoạn văn không?|Ý nghĩa của 'T NG H P SÂU B NH H I' là gì?"
a_s_u_h_i_1_mu_i_h_chunk_01,"Muỗi hành là sâu hại như thế nào đối với cây lúa?","Muỗi hành là loại sâu hại gây hại cho cây lúa từ giai đoạn mạ (10-25 ngày) đến gần cuối giai đoạn đẻ nhánh, đặc biệt xuất hiện nhiều nhất trong thời điểm đẻ nhánh (25-40 ngày). Khi bị muỗi hành hại, cây lúa sẽ bị lùn, đâm nhiều chồi, lá lúa có màu xanh thẳm, ngắn và dựng đứng, đồng thời xuất hiện nhiều cọng lúa giống cọng hành bên trong cây.","sau_hai","sau_hai|muoi_hanh|cay_lua|benh_hai|phong_ngua","Muỗi hành gây hại cho cây lúa như thế nào|Đặc điểm sâu hại muỗi hành trên cây lúa là gì|Tác hại của muỗi hành đối với lúa như thế nào"
a_s_u_h_i_1_mu_i_h_chunk_02,"Những loại thuốc nào được sử dụng để trừ muỗi hành và cách sử dụng hiệu quả?","Các loại thuốc trừ muỗi hành bao gồm Binhfos 50EC, Fullkill 50EC, Cymkill 25EC, Sha chong jing 95WP. Để đạt hiệu quả, nên phun thuốc định kỳ mỗi 7-10 ngày một lần nhằm kiểm soát sâu hại muỗi hành trên cây lúa.","sau_hai","thuoc_tru_sau|muoi_hanh|phun_thuoc|phong_ngua|lua","Thuốc nào dùng để trừ muỗi hành trên lúa|Cách sử dụng thuốc trừ muỗi hành hiệu quả|Nên phun thuốc trừ muỗi hành bao lâu một lần"
a_s_u_h_i_1_mu_i_h_qa_01,"Muỗi hành thường gây hại cây lúa trong giai đoạn nào?","Muỗi hành thường gây hại cây lúa từ giai đoạn mạ (10-25 ngày) đến gần cuối giai đoạn đẻ nhánh, đặc biệt nhiều nhất trong thời điểm đẻ nhánh (25-40 ngày).","sau_hai","muoi_hanh|giai_doan_hai|cay_lua|sau_hai_lua","Muỗi hành gây hại lúa vào thời gian nào|Giai đoạn cây lúa bị muỗi hành hại là khi nào|Khi nào muỗi hành xuất hiện nhiều nhất trên lúa"
a_s_u_h_i_1_mu_i_h_qa_02,"Dấu hiệu nhận biết cây lúa bị muỗi hành hại là gì?","Cây lúa bị muỗi hành hại sẽ có hiện tượng cây lùn, đâm rất nhiều chồi, lá lúa xanh thẳm, ngắn và dựng đứng, đồng thời có nhiều cọng lúa giống cọng hành nằm bên trong cây.","sau_hai","dau_hieu_sau_hai|muoi_hanh|cay_lua|nhan_biet_sau_hai","Làm sao nhận biết cây lúa bị muỗi hành hại|Dấu hiệu cây lúa bị muỗi hành|Biểu hiện của cây lúa khi bị muỗi hành"
a_s_u_h_i_1_mu_i_h_qa_03,"Tại sao cần phun thuốc trừ muỗi hành định kỳ 7-10 ngày một lần?","Phun thuốc trừ muỗi hành định kỳ 7-10 ngày một lần giúp kiểm soát hiệu quả sâu hại, ngăn ngừa sự phát triển và tái xuất hiện của muỗi hành trên cây lúa, từ đó bảo vệ năng suất và chất lượng lúa.","sau_hai","phun_thuoc|muoi_hanh|phong_ngua|lua|quan_ly_sau_hai","Tại sao phải phun thuốc trừ muỗi hành định kỳ|Lý do phun thuốc trừ muỗi hành mỗi 7-10 ngày|Tác dụng của việc phun thuốc định kỳ trừ muỗi hành"
2_b_tr_th_ng_x_chunk_01,"Bọ trĩ thường xuất hiện ở giai đoạn nào của cây lúa và gây hại như thế nào?","Bọ trĩ thường xuất hiện ở giai đoạn mạ non từ 7 đến 25 ngày và giai đoạn đẻ nhánh từ 25 đến 40 ngày. Chúng gây hại trên lá lúa non bằng cách để lại nhiều điểm trắng nhỏ. Khi bị hại nặng, lá lúa sẽ cuốn lại ở chóp, làm lá héo, tóp lại và khô vàng. Nếu bị hại nghiêm trọng, lá lúa chuyển sang màu vàng sẫm, đặc biệt nặng ở các ruộng khô nước.","sau_bi_hai","bo_tri|gay_hai|lua|giai_doan_may_non|gay_hai_la","Bọ trĩ xuất hiện khi nào trên cây lúa?|Bọ trĩ gây hại như thế nào trên lá lúa non?|Giai đoạn nào cây lúa dễ bị bọ trĩ tấn công?"
2_b_tr_th_ng_x_chunk_02,"Phương pháp xử lý bọ trĩ khi mức độ nhẹ và nặng là gì?","Khi mức độ bọ trĩ nhẹ, có thể sử dụng thuốc Abamectin hoặc Ema benzoate với liều lượng 45ml pha trong 20 lít nước. Khi mức độ nặng, cần kết hợp thêm thuốc lưu dẫn và có thể tư vấn sử dụng phân bón lá để giúp lúa nhanh phục hồi.","phuong_phap_xu_ly","xu_ly_bo_tri|thuoc_tru_sau|muc_do_hai|phong_ngua|phuc_hoi_lua","Cách xử lý bọ trĩ khi bị nhẹ là gì?|Phương pháp xử lý bọ trĩ khi bị nặng ra sao?|Thuốc nào dùng cho bọ trĩ mức độ nhẹ?"
2_b_tr_th_ng_x_chunk_03,"Các công thức thuốc trừ bọ trĩ hiệu quả được đề xuất trong đoạn là gì?","Các công thức thuốc trừ bọ trĩ hiệu quả gồm: Tiếp xúc mạnh kết hợp lưu dẫn như Oxatin 24-30ml + Nofara 30ml hoặc Tosi 30gram pha trong 20 lít nước; Xông hơi kết hợp lưu dẫn với Ongcha, Binhfos, Tamiko hoặc Santoso 450ml + Tosi, Exami hoặc Dinotop 300gr pha trong 200 lít nước; Topxapy 240ml + Tosi/Exami/Dinotop 300gr/200L; Abinsec oxatin 1.8EC 300ml + Nofara 240SC 240ml + Tosi 300gr + bám dính 100ml/200L; Tiếp xúc nhẹ kết hợp xông hơi như Sha chong jing 100g + Forcin 450ml.","cong_thuc_thuoc","thuoc_tru_bo_tri|cong_thuc|xong_hoi|luu_dan|tieu_diet_bo_tri","Những công thức thuốc nào được dùng để diệt bọ trĩ hiệu quả?|Thuốc trừ bọ trĩ nào kết hợp tiếp xúc mạnh và lưu dẫn?|Cách pha thuốc xông hơi để diệt bọ trĩ là gì?" 
2_b_tr_th_ng_x_qa_01,"Bọ trĩ gây hại như thế nào trên lá lúa non?","Bọ trĩ gây hại trên lá lúa non bằng cách để lại nhiều điểm trắng nhỏ. Khi bị hại nặng, lá sẽ cuốn lại ở chóp, làm lá héo, tóp lại và khô vàng. Nếu bị hại nghiêm trọng, lá chuyển sang màu vàng sẫm, đặc biệt ở các ruộng khô nước.","sau_bi_hai","bo_tri|gay_hai|la_lua|muc_do_hai|lua_kho_nuoc","Bọ trĩ ảnh hưởng ra sao đến lá lúa non?|Dấu hiệu lá lúa bị bọ trĩ là gì?|Lá lúa bị bọ trĩ nặng có biểu hiện thế nào?"
2_b_tr_th_ng_x_qa_02,"Khi bọ trĩ ở mức độ nhẹ, nên sử dụng thuốc gì và liều lượng ra sao?","Ở mức độ nhẹ, nên sử dụng thuốc Abamectin hoặc Ema benzoate với liều lượng 45ml pha trong 20 lít nước để diệt bọ trĩ hiệu quả.","phuong_phap_xu_ly","thuoc_tru_sau|bo_tri|muc_do_nhe|lieu_luong|phong_ngua","Thuốc nào dùng cho bọ trĩ mức độ nhẹ?|Liều lượng thuốc trừ bọ trĩ khi nhẹ là bao nhiêu?|Cách xử lý bọ trĩ nhẹ như thế nào?"
2_b_tr_th_ng_x_qa_03,"Tại sao nên kết hợp phân bón lá khi bọ trĩ gây hại nặng?","Khi bọ trĩ gây hại nặng, việc kết hợp sử dụng phân bón lá giúp cây lúa nhanh phục hồi sau tổn thương do bọ trĩ gây ra, tăng cường sức khỏe và khả năng chống chịu của cây.","phuc_hoi_lua","phuc_hoi|phan_bon_la|bo_tri|cham_soc_lua|tang_cuong_suc_khoe","Tại sao cần dùng phân bón lá khi bọ trĩ hại nặng?|Lợi ích của phân bón lá trong xử lý bọ trĩ là gì?|Phân bón lá giúp cây lúa thế nào khi bị bọ trĩ?"
2_b_tr_th_ng_x_qa_04,"Công thức thuốc nào được đánh giá là hiệu quả và mạnh nhất để diệt bọ trĩ?","Công thức thuốc kết hợp tiếp xúc mạnh và lưu dẫn như Oxatin 24-30ml + Nofara 30ml hoặc Tosi 30gram pha trong 20 lít nước được đánh giá là công thức sử dụng hiệu quả nhất và mạnh nhất để diệt bọ trĩ mà không gây nóng cây.","cong_thuc_thuoc","thuoc_tru_sau|cong_thuc_hieu_qua|bo_tri|xong_hoi|luu_dan","Thuốc nào hiệu quả nhất để diệt bọ trĩ?|Công thức thuốc trừ bọ trĩ mạnh nhất là gì?|Tại sao công thức Oxatin + Nofara/Tosi được ưa chuộng?"
3_s_u_cu_n_l_s_u_c_chunk_01,"Sâu cuốn lá xuất hiện và gây hại ở những giai đoạn nào của cây lúa?","Sâu cuốn lá thường xuất hiện ở các giai đoạn mạ từ 10-20 ngày, giai đoạn đẻ nhánh đến làm đòng từ 20-45 ngày, và giai đoạn trổ bông đến chín. Trong các giai đoạn này, sâu non tuổi 2-3 nhả tơ khâu mép lá để cuốn lại tạo thành bao sinh sống và gây hại bên trong bằng cách ăn mô lá, làm cho ruộng lúa bị hại trông xơ xác và bạc trắng khi nhìn từ xa.","sau_cuon_la","sau_cuon_la|giai_doan_lua|gay_hai|mo_la|ruong_lua","Sâu cuốn lá gây hại ở giai đoạn nào|Khi nào sâu cuốn lá xuất hiện trên lúa|Giai đoạn gây hại của sâu cuốn lá là gì"
3_s_u_cu_n_l_s_u_c_chunk_02,"Những phương pháp phòng trừ sâu cuốn lá được đề xuất trong đoạn văn là gì?","Có 5 phương pháp phòng trừ sâu cuốn lá được đề xuất: 1) Dùng thuốc tiếp xúc mạnh như Ohayo 100SC hoặc Igro Ohayo 240SC kết hợp Kajio 5EC/5WG phun xịt; 2) Dùng kết hợp thuốc tiếp xúc mạnh và nhẹ, ví dụ Oxatin với Kajio 5EC/5WG; 3) Dùng thuốc lưu dẫn mạnh như Koto Gold để xịt, hiệu quả diệt sâu 80-90% ở vùng kháng cao; 4) Dùng thuốc tiếp xúc nhẹ kết hợp xông hơi với hỗn hợp Sha chong jing 95WP, Ongcha 40EC và Igro 240SC; 5) Rải thuốc gốc sau khi sạ lúa 15-20 ngày để trừ ấu trùng sâu cuốn lá và các loại sâu khác như sâu đục thân, bọ trĩ.","phong_tru_sau_cuon_la","phong_tru|sau_cuon_la|thuoc_tru_sau|lua|ky_thuat_tru_sau","Phương pháp phòng trừ sâu cuốn lá là gì|Cách nào để diệt sâu cuốn lá hiệu quả|Làm sao để phòng trừ sâu cuốn lá trên lúa"
3_s_u_cu_n_l_s_u_c_qa_01,"Sâu cuốn lá thường gây hại như thế nào cho cây lúa?","Sâu cuốn lá non tuổi 2-3 nhả tơ khâu mép lá cuốn lại thành bao để sinh sống và ăn mô lá bên trong. Việc này làm cho ruộng lúa bị hại trông xơ xác, và khi nhìn từ xa, ruộng lúa có màu bạc trắng do lá bị tổn thương.","sau_cuon_la","sau_cuon_la|gay_hai|mo_la|lua|tri_hieu_sau","Sâu cuốn lá gây hại ra sao|Tác hại của sâu cuốn lá trên lúa là gì|Sâu cuốn lá ảnh hưởng thế nào đến cây lúa"
3_s_u_cu_n_l_s_u_c_qa_02,"Thuốc Ohayo 100SC và Igro Ohayo 240SC được sử dụng như thế nào để phòng trừ sâu cuốn lá?","Thuốc Ohayo 100SC hoặc Igro Ohayo 240SC được pha với Kajio 5EC hoặc 5WG với liều lượng cụ thể (50ml Ohayo 100SC hoặc 240SC + 25ml hoặc 25gr Kajio trên 25L nước) và phun xịt cho 1 công ruộng. Liều lượng phun là 1.5-2 bình trên 1 công, tương đương 2 chai 240ml trên 1 ha, nhằm tiêu diệt sâu cuốn lá hiệu quả.","phong_tru_sau_cuon_la","thuoc_tru_sau|ohayo|igro|lua|phun_thuoc|sau_cuon_la","Cách sử dụng thuốc Ohayo để trừ sâu cuốn lá|Liều lượng thuốc Ohayo 100SC phun cho lúa|Phương pháp dùng thuốc Ohayo phòng trừ sâu cuốn lá"
3_s_u_cu_n_l_s_u_c_qa_03,"Tại sao nên rải thuốc gốc sau khi sạ lúa 15-20 ngày để phòng trừ sâu cuốn lá?","Rải thuốc gốc sau khi sạ lúa 15-20 ngày giúp trừ ấu trùng sâu cuốn lá ngay từ giai đoạn đầu phát triển, đồng thời cũng có thể phòng trừ các loại sâu khác như sâu đục thân và bọ trĩ, giúp bảo vệ cây lúa hiệu quả hơn trong suốt quá trình sinh trưởng.","phong_tru_sau_cuon_la","phong_tru|sau_cuon_la|rau_thuoc_goc|lua|sau_au_trung","Tại sao cần rải thuốc gốc sau khi sạ lúa|Lợi ích của việc rải thuốc gốc phòng sâu cuốn lá|Khi nào nên rải thuốc gốc để trừ sâu cuốn lá"
4_s_u_c_th_n_th_chunk_01,"Sâu đục thân xuất hiện ở những giai đoạn nào của cây lúa?","Sâu đục thân thường xuất hiện ở các giai đoạn mạ, đẻ nhánh (từ 18 đến 35 ngày), làm đòng - trổ bông (từ 40 đến 60 ngày) và giai đoạn chín sữa của cây lúa.","sau_duc_than","sau_duc_than|giai_doan_xuat_hien|cay_lua|sau_benh|nong_nghiep","Sâu đục thân xuất hiện khi nào trên cây lúa?|Các giai đoạn phát triển của cây lúa mà sâu đục thân thường xuất hiện là gì?|Khi nào sâu đục thân gây hại trên cây lúa?"
4_s_u_c_th_n_th_chunk_02,"Tác hại của ấu trùng sâu đục thân đối với cây lúa như thế nào?","Ấu trùng non của sâu đục thân ăn lá và bẹ lá, còn sâu lớn đục vào thân cây ở phần dưới gốc, gây tổn thương nghiêm trọng cho cây lúa, làm giảm khả năng sinh trưởng và năng suất.","sau_duc_than","au_trung|sau_duc_than|tac_hai|cay_lua|benh_sau","Ấu trùng sâu đục thân gây hại ra sao cho cây lúa?|Sâu đục thân ảnh hưởng như thế nào đến cây lúa?|Tác hại của sâu đục thân trên cây lúa là gì?"
4_s_u_c_th_n_th_chunk_03,"Những phương pháp phòng trừ sâu đục thân được đề xuất trong đoạn là gì?","Phòng trừ sâu đục thân gồm các bước: 1) Rải thuốc sâu dạng rải như Kajio 1GR, Ledan 4GR, Miriphos 1GB, Basuzin 1GB cùng với cử bón phân đợt 2 (giai đoạn 18-20 ngày). 2) Sử dụng thuốc tiếp xúc mạnh như Ohayo 100SC, Igro 240SC, Topxapy 30SC. 3) Dùng thuốc xông hơi như Forsan 60EC, Binhfos 50EC, Arriphos 40EC, Fullkill 50EC, Phonix Dragon 20EC để vừa diệt trừ vừa đuổi sâu ra ngoài ống. 4) Ở vùng mật độ sâu cao, kháng nặng kết hợp thuốc tiếp xúc mạnh và xông hơi. 5) Sử dụng tiếp xúc nhẹ kết hợp xông hơi với thuốc sha chong jing 95wp và Ongcha 40EC.","phong_tru_sau_duc_than","phong_tru|sau_duc_than|thuoc_bao_ve_thuc_vat|ky_thuat|nong_nghiep","Phương pháp phòng trừ sâu đục thân gồm những gì?|Làm sao để phòng trừ sâu đục thân hiệu quả?|Các bước xử lý sâu đục thân trong cây lúa là gì?"
4_s_u_c_th_n_th_qa_01,"Sâu đục thân thường xuất hiện ở những giai đoạn nào của cây lúa?","Sâu đục thân thường xuất hiện ở các giai đoạn mạ, đẻ nhánh (18-35 ngày), làm đòng - trổ bông (40-60 ngày) và chín sữa.","sau_duc_than","sau_duc_than|giai_doan_xuat_hien|cay_lua","Khi nào sâu đục thân xuất hiện trên cây lúa?|Giai đoạn nào cây lúa bị sâu đục thân tấn công nhiều nhất?|Sâu đục thân gây hại ở giai đoạn nào của cây lúa?"
4_s_u_c_th_n_th_qa_02,"Tác hại của ấu trùng sâu đục thân đối với cây lúa là gì?","Ấu trùng non ăn lá và bẹ lá, còn sâu lớn đục vào thân ở phần dưới gốc, làm tổn thương cây lúa, ảnh hưởng đến sinh trưởng và năng suất.","sau_duc_than","au_trung|sau_duc_than|tac_hai|cay_lua","Ấu trùng sâu đục thân gây hại như thế nào?|Sâu đục thân ảnh hưởng ra sao đến cây lúa?|Tác hại của sâu đục thân trên cây lúa là gì?"
4_s_u_c_th_n_th_qa_03,"Những loại thuốc và phương pháp nào được sử dụng để phòng trừ sâu đục thân?","Các phương pháp gồm rải thuốc sâu dạng rải (Kajio 1GR, Ledan 4GR...), sử dụng thuốc tiếp xúc mạnh (Ohayo 100SC, Igro 240SC...), dùng thuốc xông hơi (Forsan 60EC, Binhfos 50EC...), kết hợp tiếp xúc mạnh và xông hơi ở vùng mật độ cao, và tiếp xúc nhẹ kết hợp xông hơi với sha chong jing 95wp và Ongcha 40EC.","phong_tru_sau_duc_than","phong_tru|thuoc_bao_ve_thuc_vat|sau_duc_than|nong_nghiep","Phương pháp phòng trừ sâu đục thân gồm những gì?|Làm sao để phòng trừ sâu đục thân hiệu quả?|Các loại thuốc nào dùng để diệt sâu đục thân?"
5_r_y_n_u_r_y_l_ng_chunk_01,"Rầy nâu xuất hiện và phát triển mạnh trong điều kiện nào?","Rầy nâu có thể xuất hiện ở bất kỳ giai đoạn nào của cây lúa, nhưng thường bùng phát mạnh khi thời tiết ẩm ướt và ấm áp, nhiệt độ khoảng 25−30°C. Chúng phát triển mạnh nhất trong các giai đoạn cây lúa sinh trưởng như đẻ nhánh, làm đòng và trổ bông.","sinh_hoc_ray_nau","ray_nau|dieu_kien_phat_trien|cay_lua|thoi_tiet_am_uot|nhiet_do_25_30","Rầy nâu phát triển mạnh khi nào|Điều kiện thuận lợi để rầy nâu bùng phát là gì|Khi nào rầy nâu xuất hiện nhiều trên cây lúa"
5_r_y_n_u_r_y_l_ng_chunk_02,"Tác hại của rầy nâu đối với cây lúa là gì?","Rầy nâu tập trung hút nhựa ở thân lúa với mật độ cao gây hiện tượng cháy rầy, làm cây lúa úa vàng, khô trắng, giảm năng suất đến 50% hoặc thậm chí mất trắng. Ngoài ra, rầy nâu còn là tác nhân truyền virus gây bệnh vàng lùn và lùn xoắn lá, làm cây lúa bị lùn, lá xoắn, đòng ngắn và hạt lép, rất nguy hiểm cho sản xuất lúa.","tac_hai_ray_nau","tac_hai|ray_nau|benh_vang_lun|benh_lun_xoan_la|giam_nang_suat","Rầy nâu gây hại như thế nào cho cây lúa|Tác động của rầy nâu đến năng suất lúa ra sao|Rầy nâu ảnh hưởng đến cây lúa như thế nào"
5_r_y_n_u_r_y_l_ng_chunk_03,"Các sản phẩm phòng trừ rầy nâu phổ biến là gì và cách sử dụng?","Các sản phẩm phòng trừ rầy nâu phổ biến gồm các sản phẩm gốc lưu dẫn như Chessin 600WP (15-30gr/20L), Khongray 54WP (20g/25L), Dinotop 300WP (30-50gr/25L), Exami 20WG (25gr/25L), Million 50WG (20-25gr/25L). Ngoài ra, có thể dùng hỗn hợp 50gr lưu dẫn kết hợp 50ml xông hơi (ví dụ 50ml Exami + 50ml Binhfos/25L) để vừa diệt trừ vừa xua đuổi rầy, đạt hiệu quả 90-95%.","phong_tru_ray_nau","san_pham_phong_tru|ray_nau|thuoc_tru_sau|luu_dan|xong_hoi|hieu_qua_90_95","Thuốc phòng trừ rầy nâu phổ biến là gì|Cách sử dụng thuốc để diệt rầy nâu hiệu quả|Các sản phẩm diệt rầy nâu được dùng như thế nào"
5_r_y_n_u_r_y_l_ng_qa_01,"Rầy nâu thường phát triển mạnh nhất vào giai đoạn nào của cây lúa?","Rầy nâu phát triển mạnh nhất vào các giai đoạn cây lúa đang sinh trưởng như đẻ nhánh, làm đòng và trổ bông.","sinh_hoc_ray_nau","ray_nau|giai_doan_sinh_truong|cay_lua|de_nhanh|lam_dong|tro_bong","Khi nào rầy nâu phát triển mạnh nhất trên cây lúa|Giai đoạn sinh trưởng nào cây lúa dễ bị rầy nâu tấn công|Rầy nâu bùng phát vào lúc nào trong quá trình phát triển của lúa"
5_r_y_n_u_r_y_l_ng_qa_02,"Virus nào được rầy nâu truyền gây hại cho cây lúa?","Rầy nâu là tác nhân truyền virus gây bệnh vàng lùn và lùn xoắn lá, làm cây lúa bị lùn, lá xoắn, đòng ngắn và hạt lép.","benh_ray_nau|virus|vang_lun|lun_xoan_la|ray_nau|cay_lua","Rầy nâu truyền virus nào gây bệnh cho lúa|Các bệnh do rầy nâu truyền là gì|Virus gây bệnh vàng lùn và lùn xoắn lá được truyền bởi gì"
5_r_y_n_u_r_y_l_ng_qa_03,"Hiệu quả phòng trừ rầy nâu khi dùng hỗn hợp lưu dẫn và xông hơi là bao nhiêu?","Khi sử dụng hỗn hợp 50gr thuốc gốc lưu dẫn kết hợp với 50ml xông hơi (ví dụ 50ml Exami + 50ml Binhfos/25L), hiệu quả phòng trừ rầy nâu đạt khoảng 90-95%.","phong_tru_ray_nau|hieu_qua|thuoc_tru_sau|luu_dan|xong_hoi","Hiệu quả diệt rầy nâu khi dùng thuốc lưu dẫn kết hợp xông hơi là bao nhiêu|Tỷ lệ thành công khi dùng hỗn hợp thuốc diệt rầy nâu|Phòng trừ rầy nâu bằng thuốc lưu dẫn và xông hơi có hiệu quả không"
b_r_y_c_nh_tr_ng_r_chunk_01,"Rầy cánh trắng xuất hiện ở giai đoạn nào của cây lúa và gây hại như thế nào?","Rầy cánh trắng thường xuất hiện từ giai đoạn làm đòng đến khi lúa chín hoàn toàn, tức là từ 45 đến 90 ngày sau khi sạ. Chúng chích hút nhựa ở mặt dưới lá và bẹ lá, làm cho lá lúa bị vàng úa. Ngoài ra, lá bị xoắn lại ở phần cổ lá, giống như bị 'siết cổ lá', gây ảnh hưởng xấu đến sự phát triển của cây lúa.","sau_benh_hai","ray_canh_trang|gay_hai|lam_dong|chinh_lua|chich_hut_nhua","Rầy cánh trắng xuất hiện khi nào trên cây lúa?|Rầy cánh trắng gây hại như thế nào cho cây lúa?|Giai đoạn xuất hiện của rầy cánh trắng là gì?"
b_r_y_c_nh_tr_ng_r_chunk_02,"Những sản phẩm phòng trừ rầy cánh trắng được đề xuất trong đoạn là gì?","Các sản phẩm gốc lưu dẫn được đề xuất để phòng trừ rầy cánh trắng gồm: 1. Tosi 30WG với liều dùng 10gr/20L nước; 2. Dinotop 300WP với liều 30-50gr/25L; 3. Chessin 600WG với liều 30g/25L; 4. Khongray 54WP với liều 20gr/25L; 5. Exami 20WG hoặc Million 50WG với liều 25gr/25L. Những sản phẩm này giúp kiểm soát rầy cánh trắng hiệu quả.","san_pham_phong_tru","san_pham|phong_tru|ray_canh_trang|thuoc_bao_ve_thuc_vat|lieu_dung","Những loại thuốc nào được dùng để phòng trừ rầy cánh trắng?|Danh sách sản phẩm phòng trừ rầy cánh trắng gồm những gì?|Thuốc phòng trừ rầy cánh trắng được sử dụng như thế nào?"
b_r_y_c_nh_tr_ng_r_qa_01,"Rầy cánh trắng gây hại cho cây lúa bằng cách nào?","Rầy cánh trắng gây hại cho cây lúa bằng cách chích hút nhựa ở mặt dưới lá và bẹ lá, làm cho lá bị vàng úa và xoắn lại ở phần cổ lá, hiện tượng này giống như lá bị 'siết cổ lá', ảnh hưởng đến sự phát triển bình thường của cây lúa.","sau_benh_hai","ray_canh_trang|gay_hai|chich_hut_nhua|la_xoan|la_vang_ua","Rầy cánh trắng làm lá lúa bị ảnh hưởng như thế nào?|Cơ chế gây hại của rầy cánh trắng trên cây lúa là gì?"
b_r_y_c_nh_tr_ng_r_qa_02,"Khi nào nên phòng trừ rầy cánh trắng trên cây lúa?","Nên phòng trừ rầy cánh trắng từ giai đoạn làm đòng đến khi lúa chín hoàn toàn, tức là trong khoảng thời gian từ 45 đến 90 ngày sau khi sạ, vì đây là thời điểm rầy cánh trắng thường xuất hiện và gây hại cho cây lúa.","thoi_diem_phong_tru","thoi_diem|phong_tru|ray_canh_trang|lam_dong|chinh_lua","Khi nào rầy cánh trắng xuất hiện trên cây lúa?|Thời điểm thích hợp để phòng trừ rầy cánh trắng là khi nào?"
b_r_y_c_nh_tr_ng_r_qa_03,"Liều lượng sử dụng của thuốc Tosi 30WG để phòng trừ rầy cánh trắng là bao nhiêu?","Liều lượng sử dụng của thuốc Tosi 30WG để phòng trừ rầy cánh trắng là 10 gram pha với 20 lít nước, phun lên cây lúa để kiểm soát hiệu quả rầy cánh trắng.","san_pham_phong_tru","lieu_luong|thuoc|phong_tru|ray_canh_trang|tosi_30wg","Liều dùng của Tosi 30WG để diệt rầy cánh trắng là gì?|Cách sử dụng Tosi 30WG để phòng trừ rầy cánh trắng như thế nào?"
6_nh_n_gi_nh_n_g_chunk_01,"Nhện gié xuất hiện và gây hại cho cây lúa như thế nào?","Nhện gié xuất hiện quanh năm và gây hại cho cây lúa, đặc biệt mật số cao nhất thường vào giai đoạn lúa trổ (35-45 ngày sau sạ). Chúng tấn công bẹ lá cờ và bông lúa, làm giảm năng suất lúa.","sinh_vat_hai","nhen_gie|gay_hai|lua|mat_so|giai_doan_tro","Nhện gié ảnh hưởng đến cây lúa ra sao|Nhện gié gây hại cho lúa như thế nào|Nhện gié xuất hiện khi nào và gây tác hại gì cho lúa"
6_nh_n_gi_nh_n_g_chunk_02,"Nhện gié có liên quan như thế nào đến các bệnh do nấm và vi khuẩn trên cây lúa?","Nhện gié kết hợp với nấm Saroclarium oryzae gây thối bẹ, vi khuẩn Pseudomonas fuscovaginae gây thối nâu bẹ, và các dòng nấm, vi khuẩn Burkholderia glumae gây lem lép hạt trên cây lúa, làm tăng mức độ tổn thương và giảm năng suất.","sinh_vat_hai","nhen_gie|nam|vi_khuan|benh_lua|ket_hop","Nhện gié liên quan thế nào đến bệnh trên lúa|Nhện gié gây bệnh gì khi kết hợp với nấm và vi khuẩn|Nhện gié ảnh hưởng đến các bệnh trên cây lúa ra sao"
6_nh_n_gi_nh_n_g_chunk_03,"Những sản phẩm nào được khuyến cáo để phòng trừ nhện gié trên cây lúa?","Các sản phẩm phòng trừ nhện gié gồm Abamectin 3.6 (phun khi nhện mới xuất hiện và còn nhỏ, liều 45ml/25L nước), Lama 40EC (20ml/18L nước), và Kajio 5EC (45ml/20L nước). Việc phun thuốc đúng thời điểm giúp kiểm soát hiệu quả nhện gié.","phong_tru_sinh_vat_hai","phong_tru|nhen_gie|thuoc_bao_ve_thuc_vat|lua|san_pham_phong_tru","Thuốc nào dùng để phòng trừ nhện gié trên lúa|Cách phòng trừ nhện gié hiệu quả là gì|Sản phẩm phòng trừ nhện gié gồm những gì"
6_nh_n_gi_nh_n_g_qa_01,"Nhện gié thường gây hại cho cây lúa vào thời điểm nào?","Nhện gié có mật số cao nhất thường vào giai đoạn lúa trổ, tức là từ 35 đến 45 ngày sau khi sạ lúa.","sinh_vat_hai","nhen_gie|thoi_diem_gay_hai|lua|mat_so_cao","Khi nào nhện gié gây hại nặng nhất cho lúa|Thời điểm mật số nhện gié cao nhất là khi nào|Nhện gié xuất hiện nhiều nhất vào giai đoạn nào của cây lúa"
6_nh_n_gi_nh_n_g_qa_02,"Nhện gié gây tổn thương chính ở bộ phận nào của cây lúa?","Nhện gié tấn công chủ yếu vào bẹ lá cờ và bông lúa, làm giảm năng suất do ảnh hưởng trực tiếp đến phần sinh trưởng và hạt lúa.","sinh_vat_hai","nhen_gie|gay_hai|bo_phan_bi_tan_cong|lua|nang_suat","Nhện gié tấn công bộ phận nào của cây lúa|Nhện gié gây hại ở đâu trên cây lúa|Nhện gié ảnh hưởng đến phần nào của cây lúa"
6_nh_n_gi_nh_n_g_qa_03,"Tại sao việc phun thuốc Abamectin 3.6 lại được khuyến cáo khi nhện gié mới xuất hiện?","Việc phun Abamectin 3.6 khi nhện gié mới xuất hiện và còn nhỏ giúp kiểm soát hiệu quả, ngăn chặn sự phát triển và gây hại nặng hơn cho cây lúa.","phong_tru_sinh_vat_hai","abamectin|phun_thuoc|nhen_gie|kiem_soat|lua","Tại sao nên phun Abamectin khi nhện gié mới xuất hiện|Lý do phun thuốc sớm khi nhện gié còn nhỏ|Khi nào nên phun Abamectin để phòng nhện gié hiệu quả"
6_nh_n_gi_nh_n_g_qa_04,"Nhện gié kết hợp với những tác nhân nào để gây bệnh trên cây lúa?","Nhện gié kết hợp với nấm Saroclarium oryzae gây thối bẹ, vi khuẩn Pseudomonas fuscovaginae gây thối nâu bẹ, và các dòng nấm, vi khuẩn Burkholderia glumae gây lem lép hạt, làm tăng mức độ tổn thương trên cây lúa.","sinh_vat_hai","nhen_gie|nam|vi_khuan|benh_lua|ket_hop","Nhện gié gây bệnh kết hợp với tác nhân nào|Nhện gié liên quan đến các bệnh do nấm và vi khuẩn nào|Nhện gié phối hợp với vi khuẩn và nấm nào gây hại cho lúa"
7_chu_t_tr_n_ru_ng_chunk_01,"Chuột gây hại như thế nào trên ruộng lúa?","Chuột phá hại cây lúa ở mọi giai đoạn phát triển, đặc biệt nặng vào giai đoạn đòng – trổ (41-90 ngày sau sạ). Chúng nhấm, cắn, kéo rễ và thân lúa, bới đất làm ổ trong ruộng khiến gốc lúa lung lay và dễ đổ. Chuột gây thiệt hại trực tiếp bằng cách ăn hạt, gốc, bông lúa và tác động gián tiếp khi đào hang, phá bờ ruộng, gây thất thoát nước và tạo điều kiện cho sâu bệnh phát sinh.","chuot","chuot|pha_hai|lua|nong_nghiep|thuoc_tru_sau|sinh_hoc","Chuột phá hại cây lúa như thế nào|Tác hại của chuột trên ruộng lúa là gì|Chuột ảnh hưởng ra sao đến cây lúa"
7_chu_t_tr_n_ru_ng_chunk_02,"Những phương pháp dùng thuốc nào được đề xuất để phòng trừ chuột trên ruộng lúa?","Để phòng trừ chuột trên ruộng lúa, có thể sử dụng viên bã chuột Forwarat 0.005% Wax Block. Ngoài ra, dùng các loại thuốc trừ sâu xông hơi có mùi hôi mạnh như Forsan 60EC, Binhfos 50EC, Ongcha 40EC, Phonix Dragon 20EC để xua đuổi chuột hiệu quả.","chuot","thuoc_tru_chuot|phong_tru|nong_nghiep|lua|thuoc_tru_sau","Phương pháp dùng thuốc nào để diệt chuột trên ruộng lúa|Thuốc nào được dùng để xua đuổi chuột trong ruộng lúa|Cách sử dụng thuốc trừ chuột hiệu quả trên ruộng lúa"
7_chu_t_tr_n_ru_ng_qa_01,"Chuột gây hại nặng nhất vào giai đoạn nào của cây lúa?","Chuột gây hại nặng nhất vào giai đoạn đòng – trổ, tức là từ 41 đến 90 ngày sau khi sạ lúa.","chuot","lua|giai_doan|pha_hai|nong_nghiep","Giai đoạn nào chuột phá hại cây lúa nhiều nhất|Khi nào chuột gây thiệt hại nặng cho lúa|Chuột phá hại cây lúa vào thời điểm nào"
7_chu_t_tr_n_ru_ng_qa_02,"Chuột gây thiệt hại trực tiếp và gián tiếp như thế nào trên ruộng lúa?","Chuột gây thiệt hại trực tiếp bằng cách nhấm, cắn, kéo rễ và thân lúa, ăn hạt, gốc và bông lúa. Về tác động gián tiếp, chuột đào hang, phá bờ ruộng, gây thất thoát nước và tạo điều kiện thuận lợi cho sâu bệnh phát sinh.","chuot","pha_hai|lua|tac_dong|nong_nghiep","Chuột gây thiệt hại trực tiếp và gián tiếp ra sao|Tác hại của chuột trên ruộng lúa gồm những gì|Chuột ảnh hưởng đến cây lúa như thế nào"
7_chu_t_tr_n_ru_ng_qa_03,"Các loại thuốc trừ sâu nào được dùng để xua đuổi chuột trên ruộng lúa?","Các loại thuốc trừ sâu có mùi hôi mạnh được dùng để xua đuổi chuột gồm Forsan 60EC, Binhfos 50EC, Ongcha 40EC và Phonix Dragon 20EC.","chuot","thuoc_tru_sau|xua_duoi|lua|nong_nghiep","Thuốc trừ sâu nào dùng để đuổi chuột trên ruộng lúa|Các loại thuốc xông hơi để xua đuổi chuột là gì|Thuốc nào hiệu quả để phòng trừ chuột trên ruộng lúa"
b_b_nh_h_i_1_o_chunk_01,"Bệnh đạo ôn lúa gồm những loại nào và biểu hiện của từng loại ra sao?","Bệnh đạo ôn lúa gồm hai loại chính là đạo ôn lá và đạo ôn cổ bông. Đạo ôn lá xuất hiện ở giai đoạn mạ đến đẻ nhánh, thường ở lá trên cùng và lá đòng, gây hiện tượng lá cháy từng mảng lớn, khô trắng, làm cây yếu và giảm khả năng quang hợp. Đạo ôn cổ bông gây hại ở cổ bông, cổ gié và cổ lá đòng, làm cổ bông thâm nâu, đen, khô và gãy, khiến bông không vươn ra khỏi bẹ lá hoặc hạt bị lép trắng.","benh_hai","benh_hai|dao_on|lua|benh_dao_on|cay_trong","Bệnh đạo ôn lúa gồm những loại nào?|Biểu hiện của bệnh đạo ôn lá và đạo ôn cổ bông là gì?|Bệnh đạo ôn lúa có mấy loại và dấu hiệu nhận biết?"
b_b_nh_h_i_1_o_chunk_02,"Tác hại của bệnh đạo ôn lá và đạo ôn cổ bông đối với cây lúa là gì?","Bệnh đạo ôn lá làm lá lúa cháy từng mảng lớn, khô trắng, khiến cây yếu và giảm khả năng quang hợp, ảnh hưởng đến sự phát triển của cây. Bệnh đạo ôn cổ bông làm cổ bông thâm nâu, đen, khô và gãy, khiến bông không thể vươn ra khỏi bẹ lá và hạt bị lép trắng, làm giảm năng suất và chất lượng lúa.","benh_hai","benh_hai|dao_on|tac_hai|lua|cay_trong","Bệnh đạo ôn lá và đạo ôn cổ bông gây hại như thế nào cho cây lúa?|Tác động của bệnh đạo ôn lên cây lúa là gì?|Bệnh đạo ôn ảnh hưởng ra sao đến năng suất lúa?"
b_b_nh_h_i_1_o_chunk_03,"Phương pháp phòng trừ bệnh đạo ôn lá và đạo ôn cổ bông trên lúa như thế nào?","Để phòng trừ bệnh đạo ôn lá và đạo ôn cổ bông, có thể sử dụng các dòng thuốc đặc trị hoặc phối hợp nấm và khuẩn để tăng hiệu quả. Cụ thể, lúa từ 25 đến 55 ngày tuổi nên phun thuốc iso one hoặc downy với liều lượng 30gr/25L nước. Lúa trên 55 ngày tuổi nên phun kết hợp pim.pim và iso one với liều lượng 30gr/25L nước.","benh_hai","phong_tru|benh_hai|dao_on|lua|thuoc_tru_benh","Làm thế nào để phòng trừ bệnh đạo ôn trên lúa?|Phương pháp xử lý bệnh đạo ôn lá và đạo ôn cổ bông là gì?|Cách sử dụng thuốc phòng bệnh đạo ôn cho lúa như thế nào?"
b_b_nh_h_i_1_o_qa_01,"Bệnh đạo ôn lá xuất hiện ở giai đoạn nào và có biểu hiện ra sao?","Bệnh đạo ôn lá xuất hiện ở giai đoạn mạ đến đẻ nhánh, thường ở lá trên cùng và lá đòng. Biểu hiện là lá cháy từng mảng lớn, khô trắng, làm cây yếu và giảm khả năng quang hợp.","benh_hai","benh_hai|dao_on|lua|benh_dao_on","Bệnh đạo ôn lá thường xuất hiện khi nào?|Dấu hiệu nhận biết bệnh đạo ôn lá là gì?"
b_b_nh_h_i_1_o_qa_02,"Tại sao bệnh đạo ôn cổ bông làm hạt lúa bị lép trắng?","Bệnh đạo ôn cổ bông gây tổn thương ở cổ bông, cổ gié và cổ lá đòng, làm cổ bông thâm nâu, đen, khô và gãy, khiến bông không vươn ra khỏi bẹ lá, từ đó hạt lúa không phát triển đầy đủ và bị lép trắng.","benh_hai","benh_hai|dao_on|lua|benh_dao_on","Nguyên nhân khiến hạt lúa bị lép trắng do bệnh đạo ôn cổ bông là gì?|Bệnh đạo ôn cổ bông ảnh hưởng như thế nào đến hạt lúa?"
b_b_nh_h_i_1_o_qa_03,"Liều lượng và thời điểm phun thuốc phòng bệnh đạo ôn trên lúa là gì?","Lúa từ 25 đến 55 ngày tuổi nên phun thuốc iso one hoặc downy với liều lượng 30gr pha trong 25L nước. Lúa trên 55 ngày tuổi nên phun kết hợp thuốc pim.pim và iso one với liều lượng 30gr pha trong 25L nước để phòng trừ hiệu quả bệnh đạo ôn lá và đạo ôn cổ bông.","benh_hai","phong_tru|benh_hai|thuoc_tru_benh|lua","Khi nào và với liều lượng bao nhiêu nên phun thuốc phòng bệnh đạo ôn cho lúa?|Cách sử dụng thuốc phòng bệnh đạo ôn cho lúa như thế nào?"
2_kh_v_n_th_i_i_m_chunk_01,"Khô Vằn xuất hiện ở các giai đoạn nào của cây lúa và biểu hiện bệnh như thế nào?","Khô Vằn xuất hiện ở nhiều giai đoạn phát triển của cây lúa: Ở giai đoạn lúa con – mạ, bệnh xuất hiện nhẹ trên lá non khi điều kiện ẩm ướt kéo dài. Đến giai đoạn đẻ nhánh – làm đòng (30–50 ngày sau sạ), bệnh xuất hiện nhiều hơn, đặc biệt trên lá già và bẹ lá dưới. Trong giai đoạn trổ – chín sữa (55–75 ngày sau sạ), bệnh phát triển mạnh, gây cháy lá diện rộng, làm cây suy yếu và bông không chắc. Ở giai đoạn chín sáp – chín hoàn toàn, bệnh giảm dần nhưng vẫn xuất hiện trên lá già và cổ bông, có thể làm hạt lép và giảm năng suất.","kien_thuc_pdf","kho_van|benh_lua|giai_doan_phat_trien|hieu_bien_benh","Khô Vằn xuất hiện khi nào trên cây lúa|Các giai đoạn bệnh Khô Vằn phát triển|Biểu hiện bệnh Khô Vằn theo từng giai đoạn|Khô Vằn ảnh hưởng như thế nào qua các giai đoạn lúa"
2_kh_v_n_th_i_i_m_chunk_02,"Triệu chứng của bệnh Khô Vằn trên bẹ lá, thân và cổ bông là gì?","Khi bệnh Khô Vằn nặng, bẹ lá và thân cây bị thối khô, dễ gãy đổ, lá bị cháy từng chòm và khô trắng. Trên cổ bông, bệnh làm cổ bông thối nâu, bông lép trắng, gây giảm năng suất rõ rệt.","kien_thuc_pdf","kho_van|trieu_chung|be_la|than|co_bong","Triệu chứng bệnh Khô Vằn trên bẹ lá và thân là gì|Bệnh Khô Vằn ảnh hưởng thế nào đến cổ bông|Dấu hiệu nhận biết Khô Vằn trên cây lúa|Khô Vằn gây hại ở bộ phận nào của cây lúa"
2_kh_v_n_th_i_i_m_chunk_03,"Các loại thuốc và liều lượng được khuyến cáo để phòng trừ bệnh Khô Vằn là gì?","Các loại thuốc được khuyến cáo để phòng trừ bệnh Khô Vằn bao gồm: Shonam, King Cide Japan, Topxim Pro với liều dùng 240ml/phuy và Hecxaconazole với liều dùng 480ml/phuy.","kien_thuc_pdf","kho_van|thuoc_tru_benh|lieu_luong|phong_tru","Thuốc nào dùng để phòng bệnh Khô Vằn|Liều lượng thuốc phòng trừ Khô Vằn như thế nào|Các loại thuốc khuyến cáo cho bệnh Khô Vằn|Cách sử dụng thuốc trị bệnh Khô Vằn"
2_kh_v_n_th_i_i_m_qa_01,"Bệnh Khô Vằn thường xuất hiện mạnh nhất ở giai đoạn nào của cây lúa?","Bệnh Khô Vằn phát triển mạnh nhất ở giai đoạn trổ – chín sữa (55–75 ngày sau sạ), khi bệnh gây cháy lá diện rộng, làm cây suy yếu và bông không chắc.","kien_thuc_pdf","kho_van|giai_doan|phat_trien|benh","Khi nào bệnh Khô Vằn phát triển mạnh nhất|Giai đoạn nào bệnh Khô Vằn gây hại nặng|Khô Vằn ảnh hưởng nhiều nhất ở thời điểm nào|Thời điểm bệnh Khô Vằn phát triển cao nhất"
2_kh_v_n_th_i_i_m_qa_02,"Bệnh Khô Vằn ảnh hưởng như thế nào đến năng suất lúa?","Bệnh Khô Vằn làm cây lúa suy yếu, gây cháy lá diện rộng, làm bông không chắc, cổ bông thối nâu và bông lép trắng, từ đó làm giảm năng suất rõ rệt.","kien_thuc_pdf","kho_van|anh_huong|nang_suat|benh_lua","Khô Vằn ảnh hưởng đến năng suất lúa ra sao|Tác hại của bệnh Khô Vằn trên năng suất|Bệnh Khô Vằn làm giảm năng suất như thế nào|Ảnh hưởng của Khô Vằn đến cây lúa"
2_kh_v_n_th_i_i_m_qa_03,"Làm thế nào để nhận biết bệnh Khô Vằn trên cây lúa?","Bệnh Khô Vằn có thể nhận biết qua các dấu hiệu như lá non bị bệnh nhẹ khi ẩm ướt kéo dài, lá già và bẹ lá dưới xuất hiện nhiều bệnh, lá bị cháy trắng từng chòm, bẹ lá và thân bị thối khô, gãy đổ, cổ bông thối nâu và bông lép trắng.","kien_thuc_pdf","kho_van|nhan_biet|dau_hieu|benh_lua","Dấu hiệu nhận biết bệnh Khô Vằn trên lúa|Cách phát hiện bệnh Khô Vằn|Biểu hiện bệnh Khô Vằn trên cây lúa|Nhận biết bệnh Khô Vằn qua triệu chứng nào"
3_lem_l_p_h_t_lem_chunk_01,"Lem lép hạt ở lúa thường xảy ra vào thời điểm nào và ảnh hưởng như thế nào đến năng suất?","Lem lép hạt thường xảy ra từ khi lúa trổ đến giai đoạn chín sữa và chín sáp, tức khoảng 55–85 ngày sau khi sạ, tùy thuộc vào giống lúa. Hiện tượng này làm cho hạt lúa bị đen, lép hoặc lửng, dẫn đến giảm năng suất và chất lượng gạo một cách nghiêm trọng.","lem_lep_hat","lem_lep_hat|lua|nang_suat|chat_luong|thoi_diem|anh_huong","Lem lép hạt xảy ra khi nào trong quá trình sinh trưởng của lúa|Thời điểm lem lép hạt thường xuất hiện trên lúa là khi nào|Lem lép hạt ảnh hưởng thế nào đến năng suất lúa?"
3_lem_l_p_h_t_lem_qa_01,"Nguyên nhân chính gây ra hiện tượng lem lép hạt ở lúa là gì?","Nguyên nhân chính gây ra lem lép hạt là do điều kiện thời tiết bất lợi trong giai đoạn lúa trổ, cụ thể là mưa nhiều, nắng ít và nhiệt độ thấp. Những yếu tố này làm cho hạt lúa không phát triển bình thường, dẫn đến hiện tượng hạt bị đen, lép hoặc lửng.","lem_lep_hat","nguyen_nhan|thoi_tiet|lem_lep_hat|lua|anh_huong","Nguyên nhân gây lem lép hạt ở lúa là gì|Tại sao thời tiết ảnh hưởng đến hiện tượng lem lép hạt|Yếu tố thời tiết nào làm lúa bị lem lép hạt?"
3_lem_l_p_h_t_lem_qa_02,"Các biện pháp phòng trừ lem lép hạt trước và sau khi lúa trổ là gì?","Trước khi lúa trổ, có thể sử dụng 2 chai Kingcide và 2 chai Mitop One để phòng trừ lem lép hạt. Sau khi lúa trổ, sử dụng các sản phẩm như Gone Super hoặc Bretil Super, Afenzole, Naticu, Pyrolax với liều lượng 2 chai/ha. Các sản phẩm này chứa hoạt chất Mancozeb, Propiconazole, Difenoconazole, Tricyclazole, Azoxystrobin và được phun trước và sau khi lúa trổ 5–7 ngày để đạt hiệu quả tốt nhất.","lem_lep_hat","bien_phap|phong_tru|thuoc_bao_ve_thuc_vat|lua|hoat_chat|truoc_va_sau_tro","Làm thế nào để phòng trừ lem lép hạt ở lúa trước và sau khi trổ|Các thuốc nào được dùng để xử lý lem lép hạt trên lúa|Biện pháp xử lý lem lép hạt hiệu quả là gì?"
3_lem_l_p_h_t_lem_qa_03,"Các hoạt chất nào có trong thuốc phòng trừ lem lép hạt và thời điểm sử dụng?","Các hoạt chất có trong thuốc phòng trừ lem lép hạt bao gồm Mancozeb, Propiconazole, Difenoconazole, Tricyclazole và Azoxystrobin. Những hoạt chất này được sử dụng trong các sản phẩm phun trước và sau khi lúa trổ từ 5 đến 7 ngày nhằm kiểm soát hiệu quả hiện tượng lem lép hạt.","lem_lep_hat","hoat_chat|thuoc_bao_ve_thuc_vat|lua|phong_tru|thoi_diem_su_dung","Hoạt chất nào trong thuốc phòng lem lép hạt trên lúa|Khi nào nên sử dụng thuốc chứa các hoạt chất này để phòng lem lép hạt|Các hoạt chất phổ biến trong thuốc trị lem lép hạt là gì?"
4_b_c_l_c_n_g_i_l_chunk_01,"Bệnh bạc lá ở cây lúa có những triệu chứng gì và ảnh hưởng như thế nào đến cây?","Bệnh bạc lá, còn gọi là cháy bìa lá, có thể gây hại ở tất cả các giai đoạn sinh trưởng của cây lúa. Triệu chứng đặc trưng là xuất hiện vết bệnh màu xanh nhạt hoặc trắng bạc ở mép hoặc đầu lá, sau đó lan dần vào phía trong lá. Trong trường hợp nặng, toàn bộ lá có thể khô trắng, làm giảm khả năng quang hợp của cây, dẫn đến hạt lúa bị lép và giảm năng suất.","benh_bac_la","benh_bac_la|chay_bia_la|cay_lua|trieu_chung|anh_huong|nang_suat","Triệu chứng bệnh bạc lá là gì|Bệnh bạc lá ảnh hưởng như thế nào đến cây lúa|Dấu hiệu nhận biết bệnh cháy bìa lá trên lúa"
4_b_c_l_c_n_g_i_l_chunk_02,"Những loại thuốc nào được sử dụng để phòng trị bệnh bạc lá trên cây lúa?","Để phòng trị bệnh bạc lá trên cây lúa, có thể sử dụng các loại thuốc có gốc kasugamycin như Bisomin 2SL, Bisomin 6WP, Kasuhan 4WP, Emycin 4WP với liều lượng 30-50 gram pha trong 20 lít nước. Ngoài ra, các thuốc có gốc bismerthiazol như Probicol 200WP, Xie Xie 200WP cũng được dùng với liều lượng tương tự.","thuoc_phong_tri","thuoc_phong_tri|benh_bac_la|kasugamycin|bismerthiazol|cay_lua|phong_benh","Thuốc nào dùng để trị bệnh bạc lá trên lúa|Cách phòng trị bệnh cháy bìa lá bằng thuốc|Các loại thuốc phổ biến điều trị bệnh bạc lá"
4_b_c_l_c_n_g_i_l_qa_01,"Bệnh bạc lá có thể gây hại ở giai đoạn nào của cây lúa?","Bệnh bạc lá có thể gây hại ở tất cả các giai đoạn sinh trưởng của cây lúa, không giới hạn ở một giai đoạn cụ thể nào.","benh_bac_la","benh_bac_la|giai_doan_sinh_truong|cay_lua|anh_huong","Bệnh bạc lá ảnh hưởng đến giai đoạn nào của cây lúa|Bệnh bạc lá xuất hiện ở giai đoạn nào trên cây lúa"
4_b_c_l_c_n_g_i_l_qa_02,"Triệu chứng đặc trưng của bệnh bạc lá là gì?","Triệu chứng đặc trưng của bệnh bạc lá là xuất hiện các vết bệnh màu xanh nhạt hoặc trắng bạc ở mép hoặc đầu lá, sau đó lan dần vào phía trong lá.","benh_bac_la","trieu_chung|benh_bac_la|cay_lua|chay_bia_la","Dấu hiệu nhận biết bệnh bạc lá trên lá lúa|Triệu chứng bệnh cháy bìa lá là gì"
4_b_c_l_c_n_g_i_l_qa_03,"Tác hại của bệnh bạc lá đối với năng suất lúa như thế nào?","Khi bệnh bạc lá nặng, toàn bộ lá có thể khô trắng, làm giảm khả năng quang hợp của cây, dẫn đến hạt lúa bị lép và giảm năng suất thu hoạch.","benh_bac_la","anh_huong|nang_suat|benh_bac_la|cay_lua","Bệnh bạc lá ảnh hưởng đến năng suất lúa ra sao|Tác hại của bệnh cháy bìa lá trên cây lúa"
4_b_c_l_c_n_g_i_l_qa_04,"Liều lượng sử dụng thuốc phòng trị bệnh bạc lá trên cây lúa là bao nhiêu?","Liều lượng sử dụng thuốc phòng trị bệnh bạc lá thường là 30-50 gram thuốc pha trong 20 lít nước, áp dụng cho các loại thuốc có gốc kasugamycin hoặc bismerthiazol.","thuoc_phong_tri","lieu_luong|thuoc_phong_tri|benh_bac_la|cay_lua","Liều lượng thuốc trị bệnh bạc lá như thế nào|Cách pha thuốc phòng bệnh bạc lá trên lúa"
5_v_ng_l_ch_n_s_m_chunk_01,"Vàng lá chín sớm xuất hiện vào thời điểm nào trong quá trình sinh trưởng của lúa?","Vàng lá chín sớm thường xuất hiện chủ yếu từ giai đoạn chín sữa đến chín sáp, tức khoảng 60-80 ngày tùy theo giống lúa.","vang_la_chin_som","vang_la_chin_som|thoi_diem_xuat_hien|giai_doan_chin_lua|giong_lua","Vàng lá chín sớm xảy ra khi nào? | Thời điểm vàng lá chín sớm xuất hiện là lúc nào? | Khi nào lá lúa bị vàng chín sớm?"
5_v_ng_l_ch_n_s_m_chunk_02,"Triệu chứng của vàng lá chín sớm trên cây lúa là gì và ảnh hưởng như thế nào đến cây?","Triệu chứng của vàng lá chín sớm là lá lúa, thường bắt đầu từ lá dưới, chuyển từ màu vàng nhạt sang vàng đậm rồi khô héo sớm, khiến cây trông như đã chín trước thời điểm thu hoạch. Hiện tượng này làm giảm khả năng quang hợp, ảnh hưởng tiêu cực đến năng suất và chất lượng hạt lúa.","vang_la_chin_som","trieu_chung|anh_huong|vang_la|nang_suat|chat_luong","Dấu hiệu nhận biết vàng lá chín sớm trên lúa là gì? | Vàng lá chín sớm ảnh hưởng thế nào đến cây lúa? | Triệu chứng của vàng lá chín sớm là gì?"
5_v_ng_l_ch_n_s_m_chunk_03,"Những sản phẩm nào được sử dụng để xử lý vàng lá chín sớm trên lúa?","Các sản phẩm được dùng để xử lý vàng lá chín sớm bao gồm Byphan 800WP, Forthane 80WP, Niko 72WP, Fortazeb 72W, Tatsu 25WP và Scortlan 80WP.","vang_la_chin_som","san_pham|xu_ly|vang_la_chin_som|thuoc_bao_ve_thuc_vat","Thuốc nào dùng để điều trị vàng lá chín sớm? | Các sản phẩm xử lý vàng lá chín sớm gồm những gì? | Sản phẩm phổ biến để chống vàng lá chín sớm là gì?"
5_v_ng_l_ch_n_s_m_qa_01,"Vàng lá chín sớm trên lúa thường xuất hiện trong giai đoạn nào?","Vàng lá chín sớm thường xuất hiện từ giai đoạn chín sữa đến chín sáp, khoảng 60-80 ngày tùy giống lúa.","vang_la_chin_som","vang_la_chin_som|giai_doan_chin|giong_lua","Khi nào vàng lá chín sớm xuất hiện? | Giai đoạn vàng lá chín sớm là khi nào? | Vàng lá chín sớm xảy ra trong khoảng thời gian nào?"
5_v_ng_l_ch_n_s_m_qa_02,"Triệu chứng đặc trưng của vàng lá chín sớm là gì?","Triệu chứng đặc trưng là lá lúa chuyển từ vàng nhạt sang vàng đậm rồi khô héo sớm, thường bắt đầu từ lá dưới, làm cây trông như chín sớm trước thời điểm thu hoạch.","vang_la_chin_som","trieu_chung|vang_la|anh_huong|nang_suat","Dấu hiệu vàng lá chín sớm là gì? | Triệu chứng của vàng lá chín sớm trên lúa? | Làm sao nhận biết vàng lá chín sớm?"
5_v_ng_l_ch_n_s_m_qa_03,"Vàng lá chín sớm ảnh hưởng như thế nào đến năng suất và chất lượng hạt lúa?","Vàng lá chín sớm làm giảm khả năng quang hợp của cây, từ đó ảnh hưởng tiêu cực đến năng suất và chất lượng hạt lúa.","vang_la_chin_som","anh_huong|nang_suat|chat_luong|vang_la_chin_som","Vàng lá chín sớm có tác động gì đến năng suất lúa? | Ảnh hưởng của vàng lá chín sớm đến chất lượng hạt là gì? | Vàng lá chín sớm ảnh hưởng thế nào đến cây lúa?"
5_v_ng_l_ch_n_s_m_qa_04,"Những sản phẩm nào thường được sử dụng để phòng trừ vàng lá chín sớm?","Các sản phẩm thường dùng để phòng trừ vàng lá chín sớm gồm Byphan 800WP, Forthane 80WP, Niko 72WP, Fortazeb 72W, Tatsu 25WP và Scortlan 80WP.","vang_la_chin_som","san_pham|phong_tru|vang_la_chin_som|thuoc_bao_ve_thuc_vat","Thuốc nào dùng để phòng vàng lá chín sớm? | Sản phẩm phòng trừ vàng lá chín sớm là gì? | Các sản phẩm xử lý vàng lá chín sớm gồm những loại nào?"
i_u_h_a_v_c_ch_s_chunk_01,"Điều hòa và ức chế sinh trưởng cây lúa được thực hiện như thế nào?","Điều hòa và ức chế sinh trưởng cây lúa được thực hiện bằng cách sử dụng Atomin (1kg/mẫu) trộn chung với phân đợt 2 trong giai đoạn lúa khoảng 20 ngày để khống chế sự phát triển chiều cao, làm cây lùn. Đồng thời, sử dụng Jinhe giúp cây chống stress, hạ phèn ra cây, thúc cây đẻ nhánh khỏe, làm chậm quá trình già của lá, tăng khả năng chống chịu stress và làm ngắn lóng. Lưu ý không sử dụng Atomin đối với cây đang bị bệnh hoặc bị suy.","sinh_truong_lua","dieu_hoa|uc_che|cay_lua|atomin|jinhe|chong_stress","Làm thế nào để điều hòa sinh trưởng cây lúa?|Cách ức chế sinh trưởng cây lúa là gì?|Sử dụng Atomin và Jinhe như thế nào trong cây lúa?"
i_u_h_a_v_c_ch_s_qa_01,"Atomin được sử dụng như thế nào trong việc điều hòa sinh trưởng cây lúa?","Atomin được sử dụng với liều lượng 1kg trên mỗi mẫu, trộn chung với phân đợt 2 trong giai đoạn lúa khoảng 20 ngày để khống chế sự phát triển chiều cao của cây, giúp cây lùn lại.","sinh_truong_lua","atomin|dieu_hoa|uc_che|cay_lua|phan_bon","Atomin dùng để làm gì trong cây lúa?|Cách sử dụng Atomin cho cây lúa như thế nào?|Tác dụng của Atomin trong sinh trưởng cây lúa là gì?"
i_u_h_a_v_c_ch_s_qa_02,"Jinhe có tác dụng gì đối với cây lúa?","Jinhe giúp cây lúa chống stress, hạ phèn ra cây, thúc cây đẻ nhánh khỏe, làm chậm quá trình già của lá, tăng khả năng chống chịu stress và làm ngắn lóng thân cây.","sinh_truong_lua","jinhe|chong_stress|cay_lua|uc_che|dieu_hoa","Jinhe giúp cây lúa như thế nào?|Tác dụng của Jinhe trên cây lúa là gì?|Jinhe có vai trò gì trong việc chăm sóc cây lúa?"
i_u_h_a_v_c_ch_s_qa_03,"Có lưu ý gì khi sử dụng Atomin cho cây lúa?","Không sử dụng Atomin đối với cây lúa đang bị bệnh hoặc bị suy để tránh làm tổn thương cây hoặc ảnh hưởng xấu đến quá trình sinh trưởng.","sinh_truong_lua","atomin|luu_y|cay_lua|benh|suy","Khi nào không nên dùng Atomin cho cây lúa?|Lưu ý khi sử dụng Atomin là gì?|Có nên dùng Atomin cho cây lúa bị bệnh không?"
ngh_a_c_a_ng_nh_th_chunk_01,"Ý nghĩa chính của ngành thuốc bảo vệ thực vật (BVTV) đối với cây lúa là gì?","Ngành thuốc bảo vệ thực vật (BVTV) giúp người nông dân chủ động phòng trừ sâu bệnh, bảo vệ cây lúa khỏi các tác nhân gây hại, từ đó nâng cao năng suất và chất lượng nông sản. Ngoài ra, ngành này còn góp phần xây dựng nền nông nghiệp bền vững, an toàn và hiệu quả, đảm bảo an ninh lương thực toàn cầu và thúc đẩy phát triển kinh tế cũng như văn hóa.","nganh_thuoc_bv_tv","thuoc_bv_tv|cay_lua|nang_suat|an_ninh_luong_thuc|nong_nghiep_ben_vung","Ý nghĩa của thuốc bảo vệ thực vật đối với cây lúa|Vai trò của ngành thuốc BVTV trong sản xuất lúa|Tại sao ngành thuốc BVTV quan trọng với cây lúa"
ngh_a_c_a_ng_nh_th_qa_01,"Tại sao ngành thuốc bảo vệ thực vật lại quan trọng trong sản xuất nông nghiệp?","Ngành thuốc bảo vệ thực vật quan trọng vì sâu bệnh là nguyên nhân chính làm giảm năng suất và chất lượng cây trồng. Nhờ có thuốc BVTV, người nông dân có thể phòng trừ dịch hại hiệu quả, bảo vệ cây trồng, từ đó nâng cao năng suất và chất lượng nông sản.","nganh_thuoc_bv_tv","thuoc_bv_tv|sau_benh|nang_suat|chat_luong|san_xuat_nong_nghiep","Tại sao thuốc bảo vệ thực vật quan trọng trong nông nghiệp?|Vai trò của thuốc BVTV trong sản xuất nông nghiệp là gì?|Ngành thuốc BVTV có tác dụng gì trong nông nghiệp?"
ngh_a_c_a_ng_nh_th_qa_02,"Ngành thuốc BVTV góp phần như thế nào vào an ninh lương thực toàn cầu?","Ngành thuốc BVTV giúp bảo vệ cây lúa khỏi sâu bệnh, đảm bảo năng suất và chất lượng lúa, từ đó góp phần duy trì nguồn lương thực ổn định cho con người trên toàn thế giới. Việc bảo vệ cây lúa hiệu quả giúp đảm bảo an ninh lương thực trong tương lai.","nganh_thuoc_bv_tv","an_ninh_luong_thuc|thuoc_bv_tv|cay_lua|bao_ve_cay_trong","Ngành thuốc BVTV ảnh hưởng thế nào đến an ninh lương thực?|Vai trò của thuốc BVTV trong đảm bảo lương thực toàn cầu?|Tại sao ngành thuốc BVTV quan trọng với an ninh lương thực?"
ngh_a_c_a_ng_nh_th_qa_03,"Ý nghĩa của cây lúa trong đời sống và kinh tế là gì?","Cây lúa có ý nghĩa to lớn trong việc nuôi sống con người, thúc đẩy phát triển kinh tế và kết nối văn hóa các dân tộc. Ở Việt Nam cũng như trên thế giới, lúa là nguồn lương thực chính, góp phần đảm bảo an ninh lương thực và phát triển xã hội bền vững.","nganh_thuoc_bv_tv","cay_lua|kinh_te|van_hoa|an_ninh_luong_thuc|phat_trien_xa_hoi","Ý nghĩa của cây lúa trong kinh tế và đời sống là gì?|Vai trò của cây lúa trong xã hội và kinh tế?|Tại sao cây lúa quan trọng đối với con người?"